Name,Term,ES,NES,NOM p-val,FDR q-val,FWER p-val,Tag %,Gene %,Lead_genes,Cluster,GeneSet
prerank,HALLMARK_MYC_TARGETS_V1,-0.7582390103469718,-2.31727580985571,0.0,0.0,0.0,66/161,12.00%,DEK;USP1;ILF2;NHP2;MCM2;TYMS;MCM4;SRPK1;TXNL4A;HDGF;CBX3;NDUFAB1;MAD2L1;CANX;CDC20;PRDX4;PPM1G;RFC4;SMARCC1;TOMM70;MCM5;CCT3;NOP16;SERBP1;SNRPG;MCM6;CLNS1A;PSMB2;VDAC1;HSP90AB1;TFDP1;CCNA2;KPNA2;ERH;PSMA7;SET;PSMA4;SSBP1;GLO1;CYC1;DDX18;YWHAQ;PCNA;CCT4;PSMD14;HNRNPA3;HDAC2;PSMA2;XPOT;UBE2E1;POLE3;CTPS1;XPO1;EIF2S1;CNBP;ABCE1;HPRT1;SYNCRIP;XRCC6;VDAC3;EIF3B;DDX21;CDC45;HSPE1;PSMC4;MCM7,1,Hallmark
prerank,HALLMARK_E2F_TARGETS,-0.7094984020359872,-2.242449746294612,0.0,0.0,0.0,85/190,10.85%,CDK1;TOP2A;CDKN2A;RAD21;DEK;SMC4;USP1;CCNB2;MKI67;MCM2;DLGAP5;MCM4;MELK;MYBL2;CHEK1;MAD2L1;EZH2;PRKDC;CENPM;CDC20;LMNB1;HMGA1;PRDX4;CDC25A;MTHFD2;CKS1B;UBE2T;PTTG1;TK1;SMC3;MCM5;ORC6;RAD51AP1;DSCC1;PLK1;AURKB;KIF4A;ANP32E;TRIP13;MCM6;DCTPP1;DIAPH3;HMGB3;KPNA2;SMC6;SNRPB;ASF1A;RBBP7;PRIM2;PLK4;GINS1;PCNA;JPT1;MCM3;LBR;SLBP;NUP153;CENPE;CKS2;STMN1;SSRP1;MSH2;TACC3;TCF19;KIF2C;ZW10;ATAD2;AURKA;WEE1;SPC25;HMGB2;CTPS1;DEPDC1;BUB1B;LYAR;XPO1;EIF2S1;TUBG1;RAD1;CCNE1;SYNCRIP;XRCC6;TP53;CDCA3;HELLS,1,Hallmark
prerank,HALLMARK_INTERFERON_ALPHA_RESPONSE,-0.6961109652386608,-2.1126140073552144,0.0,0.0,0.0,31/93,7.94%,CXCL10;LY6E;MX1;IFI27;CXCL11;ISG15;EIF2AK2;BST2;LAMP3;USP18;ADAR;RTP4;PLSCR1;HERC6;PARP12;B2M;RSAD2;OAS1;TAP1;IFI44L;SAMD9;PARP9;GMPR;NUB1;IFIT2;CD47;PSMB8;PARP14;PSMA3;CMPK2;IFITM1,1,Hallmark
prerank,HALLMARK_G2M_CHECKPOINT,-0.5970286404285745,-1.961857198094608,0.0,0.0,0.0,73/187,8.67%,CDK1;TOP2A;RAD21;SQLE;SMC4;CCNB2;MKI67;MCM2;NUSAP1;PRC1;EFNA5;MYBL2;UBE2C;CHEK1;E2F3;MAD2L1;EZH2;CDC20;LMNB1;AMD1;HMGA1;BUB1;TTK;CDC25A;STIL;CKS1B;SMARCC1;KIF11;TPX2;PTTG1;NDC80;MCM5;ORC6;SLC7A5;PLK1;KIF23;AURKB;KIF4A;MCM6;DKC1;UCK2;CENPF;HMGB3;TFDP1;RAD54L;CCNA2;KPNA2;E2F1;EXO1;NSD2;HSPA8;PRIM2;PLK4;CUL4A;KIF5B;JPT1;MCM3;LBR;CENPE;CKS2;NEK2;STMN1;TACC3;KIF2C;SLC12A2;AURKA;SMC2;KIF15;GINS2;CENPA;CCNF;DR1;XPO1,1,Hallmark
prerank,HALLMARK_MTORC1_SIGNALING,-0.5576553485836094,-1.755099325488084,0.0,0.0,0.0,75/186,12.99%,DHCR24;SQLE;CD9;SLC2A1;PRDX1;VLDLR;ERO1A;MCM2;PLOD2;MCM4;TES;SSR1;CANX;P4HA1;PSMB5;BUB1;CDC25A;FADS2;MTHFD2;DHCR7;RPN1;PSMC2;SLC7A5;PNO1;PLK1;EGLN3;ACTR2;RIT1;PGM1;PIK3R3;PSMA4;ACTR3;SLC7A11;TUBA4A;PSMG1;PSMD14;SERP1;ME1;ITGB2;DDIT4;GMPS;PSAT1;ENO1;AURKA;GPI;SDF2L1;TMEM97;DHFR;PSMA3;DAPP1;ATP6V1D;CYP51A1;CCNF;EDEM1;UCHL5;TUBG1;HPRT1;ARPC5L;SQSTM1;MTHFD2L;SC5D;NFYC;EEF1E1;SORD;RDH11;HSP90B1;PSMD13;HSPE1;PSMC4;ACACA;YKT6;FADS1;CXCR4;PPA1;PSMD12,1,Hallmark
prerank,HALLMARK_MYOGENESIS,0.7427517704766169,1.701050818748502,0.0,0.0223733274840973,0.03,30/189,6.46%,APOD;CFD;GPX3;FST;CD36;FXYD1;TNNT3;LAMA2;IGF1;PTGIS;CDKN1A;GSN;COL15A1;LSP1;FHL1;ADAM12;COL6A3;CLU;MYL3;SORBS3;BIN1;HBEGF;BDKRB2;AEBP1;COX7A1;COL6A2;SGCD;GADD45B;RB1;PFKM,1,Hallmark
prerank,HALLMARK_TNFA_SIGNALING_VIA_NFKB,0.7530390272953216,1.6970807621001986,0.0,0.0111866637420486,0.03,57/195,6.30%,NR4A1;G0S2;FOSB;EGR1;ZFP36;PTGS2;SOCS3;TNFAIP6;KLF2;NR4A3;JUNB;NFIL3;FOS;DUSP1;NR4A2;GFPT2;GEM;IL6;RHOB;SMAD3;CDKN1A;CXCL2;BCL6;EGR3;PER1;KDM6B;FOSL2;NAMPT;KLF4;SERPINE1;IER2;PLPP3;CLCF1;PTX3;SPSB1;EGR2;BTG2;LDLR;MYC;LIF;PHLDA1;PTGER4;TRIP10;ACKR3;HBEGF;ETS2;BCL3;ABCA1;CCN1;CCL2;MCL1;PDE4B;NFKB2;GADD45B;KLF9;PTPRE;MXD1,1,Hallmark
prerank,HALLMARK_ADIPOGENESIS,0.6941871430754302,1.554983446491707,0.0,0.0571762813482488,0.18,31/193,8.24%,GPX3;FABP4;CD36;ENPP2;LPL;PPARG;ITIH5;C3;ADIPOQ;LAMA4;SPARCL1;BCL6;COL15A1;GPAM;ANGPTL4;NABP1;LIPE;CIDEA;PHLDB1;SLC27A1;CAVIN2;ABCA1;OMD;CAVIN1;MRAP;PLIN2;LIFR;ITSN1;PFKFB3;APOE;PPP1R15B,1,Hallmark
prerank,HALLMARK_XENOBIOTIC_METABOLISM,0.6889116711026542,1.545534116454195,0.0,0.048475542882211,0.2,35/190,8.96%,IGFBP4;CD36;FBLN1;IGF1;CDO1;RBP4;PDK4;CSAD;TPST1;AOX1;PTGDS;MT2A;TNFRSF1A;PTGES;SERPINE1;CYP2E1;MAOA;HMOX1;MAN1A1;ENPEP;TMEM176B;ETS2;F10;PROS1;TAT;LCAT;ACOX2;IL1R1;SMOX;CYP17A1;FAS;APOE;DDAH2;SERPINA6;BCAR1,1,Hallmark
prerank,HALLMARK_APOPTOSIS,0.6678233019730634,1.5193148647383783,0.0104166666666666,0.0551875411274402,0.28,29/155,6.05%,GPX3;DCN;MMP2;IL6;RHOB;TGFBR3;CCND2;CDKN1A;CD14;EGR3;IGFBP6;GSN;PDGFRB;EMP1;HMOX1;CLU;BTG2;RARA;BCL2L1;TXNIP;CASP9;DPYD;EREG;CTH;CAV1;MCL1;DDIT3;GADD45B;TIMP1,1,Hallmark
prerank,HALLMARK_REACTIVE_OXYGEN_SPECIES_PATHWAY,0.714334494510123,1.5120229192420995,0.0,0.0472325802442055,0.28,4/48,1.98%,GPX3;JUNB;LSP1;SBNO2,1,Hallmark
prerank,HALLMARK_EPITHELIAL_MESENCHYMAL_TRANSITION,0.6678189683853245,1.5003864944130676,0.0,0.0468774480619183,0.3,48/198,6.05%,IGFBP4;CXCL12;DCN;ABI3BP;LRP1;SLIT3;SFRP4;MMP2;LAMA2;FBLN1;PCOLCE;FBN1;HTRA1;GAS1;GEM;IL6;RHOB;TGFBR3;MEST;THBS2;DAB2;PDGFRB;SERPINE1;THBS1;ECM2;SLIT2;BASP1;FSTL3;ADAM12;COL6A3;PTX3;PRRX1;LAMA1;BMP1;VCAN;FSTL1;MGP;VCAM1;PDLIM4;LAMA3;CXCL8;CCN1;COL6A2;PMP22;SGCD;GADD45B;VIM;TIMP1,1,Hallmark
prerank,HALLMARK_OXIDATIVE_PHOSPHORYLATION,-0.495339378769579,-1.4944921409266116,0.0,0.0302343159486016,0.0515463917525773,69/185,15.61%,ATP1B1;ATP6V1C1;MAOB;UQCRH;NDUFAB1;NDUFA4;ATP5F1C;COX6C;ATP5F1B;TOMM70;ATP6V1G1;ATP5MF;NDUFB2;ATP6V0C;ATP6V0E1;VDAC1;UQCRC1;UQCR10;DLAT;MGST3;ATP5F1E;CYC1;NDUFB1;NDUFS3;CYCS;LRPPRC;NDUFB6;PHYH;ATP6AP1;GPI;MDH1;NDUFB3;UQCRC2;PDHA1;ATP6V1D;ATP6V0B;SURF1;COX6A1;NDUFB5;NDUFA6;HSD17B10;VDAC2;AIFM1;COX7A2L;ECI1;NDUFC2;VDAC3;NDUFB4;NDUFS8;NDUFA1;IDH2;COX7B;NDUFA8;ATP5PF;NDUFA5;UQCR11;OPA1;DLD;PDHX;FDX1;TIMM10;NNT;SUCLA2;POLR2F;CS;UQCRQ;IMMT;SUPV3L1;COX7A2,1,Hallmark
prerank,HALLMARK_UNFOLDED_PROTEIN_RESPONSE,-0.4868616757162197,-1.4324167921202704,0.0,0.0518302559118885,0.0927835051546391,29/105,10.20%,YWHAZ;ERO1A;NHP2;IFIT1;SSR1;MTHFD2;CKS1B;SLC7A5;EXOSC4;DNAJA4;YIF1A;EIF4EBP1;VEGFA;DKC1;KDELR3;PAIP1;ATF4;PDIA6;KIF5B;SERP1;DNAJB9;DDIT4;PSAT1;XPOT;EDEM1;EIF2S1;CNOT6;STC2;NOP14,1,Hallmark
prerank,HALLMARK_UV_RESPONSE_DN,0.645219073769794,1.408044316324169,0.021505376344086,0.1174599692915112,0.66,39/141,10.74%,DLC1;DUSP1;PPARG;SYNE1;TGFBR3;TGFBR2;SMAD3;DAB2;PDGFRB;SERPINE1;TFPI;PLPP3;LPAR1;LDLR;EFEMP1;MYC;ID1;MMP16;MAGI2;RUNX1;PRDM2;RBPMS;CCN1;HAS2;PMP22;CAV1;FYN;APBB2;PTGFR;KIT;AKT3;PRKCE;NRP1;PTPRM;COL1A2;ACVR2A;COL1A1;GJA1;RND3,1,Hallmark
prerank,HALLMARK_UV_RESPONSE_UP,0.6381585092069744,1.4078978298436815,0.0106382978723404,0.1044088615924544,0.66,14/146,2.81%,GPX3;NR4A1;FOSB;JUNB;FOS;GAL;CDO1;IL6;RHOB;CXCL2;FGF18;MAOA;HMOX1;BTG2,1,Hallmark
prerank,HALLMARK_KRAS_SIGNALING_UP,0.6319002735874112,1.4068999386714238,0.032258064516129,0.0947137530160122,0.66,34/195,5.07%,APOD;F13A1;RELN;G0S2;PTGS2;CPE;GFPT2;RBP4;ADGRA2;AKAP12;CCND2;SPARCL1;KLF4;TMEM176A;ANGPTL4;EMP1;TFPI;CIDEA;SCN1B;CFH;PRRX1;EPB41L3;ALDH1A2;LIF;PPBP;PECAM1;TMEM176B;GNG11;DUSP6;HBEGF;SPRY2;ENG;EREG;DNMBP,1,Hallmark
prerank,HALLMARK_PROTEIN_SECRETION,-0.5002399615305144,-1.391537756595386,0.0,0.0770975056689342,0.1443298969072164,29/90,12.25%,COPB2;LAMP2;TPD52;AP2M1;PPT1;LMAN1;SCRN1;ANP32E;AP2S1;SCAMP3;YIPF6;ARFGEF2;TOM1L1;ZW10;RAB5A;RAB9A;TMED10;RAB2A;TMED2;ARCN1;VAMP7;ARF1;COPB1;RER1;MAPK1;TMX1;ARFGAP3;PAM;YKT6,1,Hallmark
prerank,HALLMARK_COAGULATION,0.631103533813967,1.3561984036711414,0.034090909090909,0.1396638018704261,0.87,32/136,7.13%,CFD;LRP1;MMP2;CTSK;FBN1;HTRA1;C1R;C3;GSN;RAPGEF3;C1S;SERPINE1;THBS1;VWF;CFH;CLU;BMP1;C1QA;CFI;THBD;CASP9;PECAM1;DUSP6;F10;PROS1;SERPING1;FYN;TIMP1;ACOX2;F2RL2;C2;PRSS23,1,Hallmark
prerank,HALLMARK_DNA_REPAIR,-0.4286897078599562,-1.328090572905912,0.0,0.1128747795414462,0.2474226804123711,33/143,10.46%,POLR2K;TYMS;FEN1;RFC4;BCAP31;GTF3C5;SEC61A1;GTF2A2;ZWINT;TAF13;RRM2B;POLB;DAD1;NME4;MPC2;CETN2;PCNA;SAC3D1;SSRP1;GTF2H5;RBX1;CMPK2;DGUOK;UMPS;STX3;SURF1;RAD51;POLR2H;NT5C3A;TMED2;HPRT1;RALA;TP53,1,Hallmark
prerank,HALLMARK_MITOTIC_SPINDLE,-0.4167838886888242,-1.318474374297955,0.0,0.108843537414966,0.268041237113402,42/197,7.60%,CDK1;TOP2A;ECT2;SMC4;CCNB2;DLGAP5;ANLN;NUSAP1;PRC1;EZR;LMNB1;BUB1;TTK;VCL;KIF11;TPX2;NDC80;SMC3;FLNA;MYH9;FLNB;PLK1;KIF23;KIF4A;WASL;CENPF;NCK1;NEDD9;KIF5B;TUBA4A;CENPE;CEP57;CKAP5;SAC3D1;NEK2;LRPPRC;KIF2C;ARHGAP5;ARF6;AURKA;CD2AP;EPB41,1,Hallmark
prerank,HALLMARK_IL6_JAK_STAT3_SIGNALING,0.5909860717256843,1.3118480329698634,0.1382978723404255,0.1957666154858521,0.94,22/85,12.06%,PLA2G2A;CD36;LEPR;SOCS3;IL6;CD14;TNFRSF1A;HMOX1;CNTFR;PIM1;PTPN2;ACVRL1;IL1R1;ITGA4;FAS;IL4R;TGFB1;IL7;IL1B;TYK2;TNFRSF1B;IL3RA,1,Hallmark
prerank,HALLMARK_MYC_TARGETS_V2,-0.4496562941498577,-1.2973012614212351,0.0833333333333333,0.1088435374149659,0.2989690721649484,16/56,12.46%,MCM4;CBX3;MCM5;PLK1;NOP16;DCTPP1;DDX18;PLK4;SLC29A2;TMEM97;RCL1;SORD;TFB2M;HSPE1;WDR43;TCOF1,1,Hallmark
prerank,HALLMARK_SPERMATOGENESIS,-0.4322998115319794,-1.2657551662511315,0.0,0.1148904006046863,0.3298969072164948,20/126,10.62%,CDK1;CCNB2;PCSK1N;EZH2;BUB1;TTK;RFC4;NEFH;ART3;CNIH2;PSMG1;NEK2;KIF2C;SLC12A2;AURKA;MAP7;DBF4;NCAPH;STRBP;VDAC3,1,Hallmark
prerank,HALLMARK_ESTROGEN_RESPONSE_EARLY,0.5506500622216138,1.2383562573406015,0.101010101010101,0.3247000860512596,0.99,27/193,7.13%,IGFBP4;CXCL12;DLC1;KAZN;FOS;SLC7A2;EGR3;DHRS3;CCN5;NBL1;PTGES;KLF4;TUBB2B;OLFML3;MLPH;TFF3;UGCG;MYC;RARA;BCL2;RHOBTB3;MAST4;TPBG;THSD4;NCOR2;GAB2;PRSS23,1,Hallmark
prerank,HALLMARK_ANGIOGENESIS,0.6374214763038808,1.2362036406083028,0.2133333333333333,0.3073669037696237,0.99,11/36,9.55%,LPL;CCND2;FGFR1;VCAN;FSTL1;THBD;TIMP1;MSX1;CXCL6;PRG2;NRP1,1,Hallmark
prerank,HALLMARK_TGF_BETA_SIGNALING,0.6329515651986801,1.2314537520074276,0.1910112359550561,0.2983110331212985,0.99,15/53,9.72%,JUNB;SMAD3;SERPINE1;THBS1;ID3;ID1;ENG;SPTBN1;CDK9;NCOR2;CDKN1C;SKI;HIPK2;BMPR2;TGFB1,1,Hallmark
prerank,HALLMARK_APICAL_SURFACE,0.580606619436964,1.2299606898854183,0.1772151898734177,0.2819971484974775,0.99,9/43,10.47%,SRPX;GAS1;CROCC;MDGA1;TMEM8B;AFAP1L2;PCSK9;PLAUR;NTNG1,1,Hallmark
prerank,HALLMARK_INFLAMMATORY_RESPONSE,0.5411706814670988,1.229798013340353,0.0824742268041237,0.2654090809388024,0.99,46/198,10.35%,STAB1;TNFAIP6;GPC3;SLC7A2;IL6;CDKN1A;CD14;NAMPT;SERPINE1;SCN1B;LPAR1;BTG2;LDLR;PDPN;MYC;FPR1;LIF;C5AR1;PTGER4;AXL;CALCRL;BDKRB1;HBEGF;ABCA1;GABBR1;CXCL8;EREG;HAS2;CCL2;CSF3;PDE4B;TPBG;TIMP1;PTPRE;MXD1;SCARF1;IL1R1;SELE;ITGA5;CXCL6;IL4R;NPFFR2;OSM;ACVR2A;IL1B;PLAUR,1,Hallmark
prerank,HALLMARK_HYPOXIA,0.529051242311469,1.1869270849830396,0.1313131313131313,0.336014233140796,1.0,31/195,6.66%,DCN;SRPX;ZFP36;GPC3;NFIL3;FOS;DUSP1;IL6;AKAP12;CDKN1A;MT2A;FOSL2;CCN5;SERPINE1;ANGPTL4;WSB1;HMOX1;PPARGC1A;HAS1;BCL2;ACKR3;PIM1;EGFR;CCN1;CAVIN1;CAV1;DDIT3;TPBG;PLIN2;CDKN1C;TGFB3,1,Hallmark
prerank,HALLMARK_NOTCH_SIGNALING,0.586056039452814,1.1849848093698985,0.2435897435897435,0.3226469331917203,1.0,8/31,16.26%,DTX1;WNT2;TCF7L2;DLL1;LFNG;FZD7;JAG1;FZD5,1,Hallmark
prerank,HALLMARK_BILE_ACID_METABOLISM,0.5350476073363921,1.1506585692289035,0.2727272727272727,0.3870585654748848,1.0,15/110,9.62%,ABCA8;ABCA6;ALDH1A1;ABCA9;LIPE;ABCA1;CH25H;CYP46A1;PFKM;TTR;CYP7B1;SLC23A2;SERPINA6;MLYCD;ABCA4,1,Hallmark
prerank,HALLMARK_PEROXISOME,-0.4241789061151118,-1.133091438231148,0.3333333333333333,0.2288505145648002,0.5567010309278351,16/101,6.99%,TOP2A;CRABP1;DHCR24;CRABP2;PRDX1;SMARCC1;CADM1;ABCD1;SEMA3C;SLC25A17;SCP2;TSPO;PRDX5;FDPS;SLC35B2;MSH2,1,Hallmark
prerank,HALLMARK_WNT_BETA_CATENIN_SIGNALING,0.5756038043487974,1.1270512229350775,0.2658227848101265,0.4258034865624249,1.0,11/41,19.50%,CCND2;MYC;DVL2;NCOR2;DLL1;DKK1;RBPJ;JAG1;HEY1;AXIN2;HEY2,1,Hallmark
prerank,HALLMARK_PANCREAS_BETA_CELLS,0.5629862569920397,1.1248380084328158,0.2784810126582278,0.4142455482661668,1.0,7/39,11.44%,STXBP1;DCX;LMO2;GCG;AKT3;G6PC2;PCSK1,1,Hallmark
prerank,HALLMARK_FATTY_ACID_METABOLISM,0.5144347040194636,1.1057937291485904,0.2857142857142857,0.4458452940671581,1.0,13/145,5.86%,G0S2;CD36;ALDH1A1;GPD1;ACSL4;CIDEA;MAOA;AOC3;TP53INP2;ECI2;PTPRG;ACADVL;AQP7,1,Hallmark
prerank,HALLMARK_IL2_STAT5_SIGNALING,0.4890592708168354,1.1021819937294668,0.3191489361702128,0.4331724793448855,1.0,48/195,12.82%,NFIL3;ITIH5;RHOB;CCND2;PLAGL1;DHRS3;EMP1;SOCS2;SELP;SHE;AHNAK;SCN9A;MYC;PTH1R;LIF;PHLDA1;BCL2L1;BCL2;NFKBIZ;SH3BGRL2;IL1RL1;SPRY4;PIM1;TNFRSF8;GADD45B;SMPDL3A;MXD1;PLIN2;CDKN1C;F2RL2;CAPN3;IL4R;ECM1;HIPK2;BMPR2;SLC2A3;NRP1;GPX4;COL6A1;BATF3;SNX9;MAFF;TNFRSF1B;IL3RA;GUCY1B1;BMP2;PENK;WLS,1,Hallmark
prerank,HALLMARK_APICAL_JUNCTION,0.4949967363643043,1.0915532160955783,0.28125,0.4417986400526431,1.0,33/195,8.55%,CD209;MMP2;FBN1;CD34;CNTN1;CLDN5;LIMA1;CADM3;VWF;CLDN15;SLIT2;NRXN2;TSPAN4;BMP1;SIRPA;CLDN11;VCAN;SORBS3;PECAM1;VCAM1;LAMA3;EGFR;EPB41L2;STX4;ITGA9;ADAMTS5;TMEM8B;JAM3;ICAM2;TRO;NECTIN3;MAPK11;AKT3,1,Hallmark
prerank,HALLMARK_COMPLEMENT,0.4870754157035532,1.074024423830322,0.3402061855670103,0.4649636391246394,1.0,41/194,11.88%,CD36;LRP1;CR1;C1R;C3;IL6;C1S;SERPINE1;CFH;CLU;ZEB1;C1QA;KCNIP2;CTSL;CASP9;DUSP6;C1QC;GNG2;F10;PIM1;SERPING1;STX4;ZFPM2;FYN;TIMP1;C2;APOC1;DOCK4;C9;PCSK9;SH2B3;PLA2G4A;F7;ITGAM;PLAUR;CTSO;LCP2;TFPI2;CR2;AKAP10;MAFF,1,Hallmark
prerank,HALLMARK_PI3K_AKT_MTOR_SIGNALING,-0.3675412049754626,-1.0567619756272042,0.4615384615384615,0.3368966634272756,0.7422680412371134,20/103,7.82%,CDK1;SLC2A1;CFL1;PPP1CA;AP2M1;YWHAB;ACTR2;RIT1;NCK1;PIK3R3;E2F1;TRAF2;ACTR3;GRK2;IL2RG;PFN1;MAPK9;RAC1;SMAD2;DAPP1,1,Hallmark
prerank,HALLMARK_GLYCOLYSIS,-0.4214719494930338,-1.0,1.0,0.4643990929705215,0.865979381443299,45/191,9.84%,CDK1;DSC2;CLDN3;MIF;VLDLR;SDC1;ELF3;ERO1A;COPB2;PLOD2;AGRN;GPC4;B4GALT2;P4HA1;PKM;PFKP;EGLN3;VEGFA;PLOD1;KDELR3;GPR87;FAM162A;ARPP19;PDK3;EFNA3;SLC16A3;ME1;GFPT1;AKR1A1;MET;STMN1;DDIT4;NSDHL;ENO1;AURKA;MDH1;CENPA;B4GALT7;IGFBP3;DEPDC1;EXT1;SLC35A3;QSOX1;ME2;STC2,1,Hallmark
prerank,HALLMARK_ESTROGEN_RESPONSE_LATE,0.4433394822033814,0.9689755268115648,0.5833333333333334,0.6886013014549975,1.0,14/193,3.26%,IGFBP4;CXCL12;ZFP36;CPE;FOS;GAL;MEST;EGR3;CCN5;NBL1;PTGES;KLF4;TFF3;BCL2,1,Hallmark
prerank,HALLMARK_HEDGEHOG_SIGNALING,-0.3668460468484396,-0.9283915642816954,0.68,0.6575963718820862,0.979381443298969,8/36,7.56%,VLDLR;MYH9;VEGFA;CELSR1;ADGRG1;AMOT;L1CAM;UNC5C,1,Hallmark
prerank,HALLMARK_INTERFERON_GAMMA_RESPONSE,0.4127459676068905,0.928280947965178,0.6236559139784946,0.7543007551781405,1.0,23/188,5.70%,PTGS2;SOCS3;TNFAIP6;C1R;IL6;CDKN1A;MT2A;NAMPT;C1S;NOD1;SELP;CFH;FPR1;TXNIP;VCAM1;ARID5B;VAMP5;PIM1;SERPING1;CCL2;SAMHD1;PDE4B;PTPN2,1,Hallmark
prerank,HALLMARK_ANDROGEN_RESPONSE,0.4040238148896827,0.9065911759287102,0.6144578313253012,0.7743228626967499,1.0,4/98,1.07%,SELENOP;ADAMTS1;MAF;AKAP12,1,Hallmark
prerank,HALLMARK_CHOLESTEROL_HOMEOSTASIS,0.4292257527985842,0.9010266545528828,0.625,0.7601959494041092,1.0,9/71,6.51%,LPL;NFIL3;PPARG;ETHE1;CLU;LDLR;ANTXR2;ACSS2;TM7SF2,1,Hallmark
prerank,HALLMARK_ALLOGRAFT_REJECTION,0.3849187868159964,0.8819488592723547,0.7391304347826086,0.7729623785634937,1.0,22/175,10.79%,STAB1;IL6;CCND2;ELANE;LIF;NCF4;BCL3;EGFR;EREG;CCL2;TIMP1;C2;EIF4G3;FAS;IL4R;STAT4;APBB1;TGFB1;ACVR2A;IL7;IL1B;LCP2,1,Hallmark
prerank,HALLMARK_HEME_METABOLISM,0.3882081393997628,0.8642399431997032,0.7419354838709677,0.7749095196314981,1.0,26/187,13.80%,HBB;ACKR1;C3;AGPAT4;TNS1;BTG2;SNCA;ADD2;EZH1;LMO2;CLIC2;CLCN3;GYPC;ALDH1L1;BACH1;SMOX;ATP6V0A1;SPTB;MFHAS1;TRAK2;ALDH6A1;PGLS;PPP2R5B;CTSE;SIDT2;KDM7A,1,Hallmark
prerank,HALLMARK_KRAS_SIGNALING_DN,0.3538929692499619,0.7837575532024644,0.8854166666666666,0.8734637447074386,1.0,39/187,19.25%,SELENOP;NR4A2;PRKN;MTHFR;BTG2;SLC16A7;CLSTN3;ZBTB16;CNTFR;SLC6A3;MYO15A;KCND1;PTGFR;KMT2D;LFNG;IGFBP2;SYNPO;NGB;IDUA;SGK1;SERPINA10;GP2;CYP11B2;KCNQ2;ADRA2C;RYR2;GAMT;SNCB;C5;RGS11;ITGB1BP2;PAX3;AMBN;ALOX12B;TCL1A;MEFV;COPZ2;EPHA5;ENTPD7,1,Hallmark
prerank,HALLMARK_P53_PATHWAY,0.3300036582400147,0.7396973315160962,0.8854166666666666,0.8933976749287125,1.0,31/190,12.56%,FOS;TSPYL2;CCND2;CDKN1A;KLF4;HMOX1;BTG2;LIF;TXNIP;ZBTB16;HBEGF;ZMAT3;PPM1D;DDIT3;PTPRE;RB1;MXD1;CSRNP2;FAS;DDB2;IER3;ATF3;TGFB1;SERTAD3;ZFP36L1;MKNK2;PROCR;GADD45A;NINJ1;SPHK1;BMP2,1,Hallmark
prerank,HALLMARK_MYC_TARGETS_V1,-0.7833593859283946,-2.3823639085831645,0.0,0.0,0.0,64/161,10.77%,MCM4;TYMS;DEK;CDC20;NHP2;ILF2;TXNL4A;USP1;MCM2;CANX;HDGF;RFC4;PRDX4;CBX3;SRPK1;MAD2L1;NDUFAB1;PSMB2;ERH;GLO1;CYC1;CCT3;TFDP1;CCNA2;PPM1G;SSBP1;XRCC6;SNRPG;HPRT1;VDAC3;PSMA7;CTPS1;TOMM70;PSMD14;PSMA4;EIF2S1;SMARCC1;HDAC2;TCP1;NME1;EIF3B;GSPT1;SET;CLNS1A;LSM2;DDX21;PCNA;VDAC1;AIMP2;SERBP1;VBP1;XPOT;HSP90AB1;CDC45;NOP16;RNPS1;ABCE1;MCM6;UBE2E1;RAD23B;CCT4;KPNA2;PSMD1;DDX18,2,Hallmark
prerank,HALLMARK_E2F_TARGETS,-0.7533519451539601,-2.3316706294972014,0.0,0.0,0.0,93/190,12.00%,CDKN2A;CDK1;MCM4;RAD21;DEK;TOP2A;CDC20;CKS1B;CCNB2;DLGAP5;USP1;HMGA1;MYBL2;PRKDC;TRIP13;CHEK1;MCM2;TK1;SMC4;UBE2T;CDKN3;MKI67;PRDX4;PTTG1;MAD2L1;MELK;EZH2;DSCC1;LMNB1;ANP32E;KIF2C;MSH2;PLK1;KIF4A;RBBP7;ORC6;CDC25A;MCM3;SPC25;XRCC6;CCNE1;AURKB;SLBP;MTHFD2;HMGB3;CTPS1;NUP153;GINS1;EIF2S1;NME1;DCTPP1;CKS2;RFC2;SSRP1;AURKA;GSPT1;ATAD2;DIAPH3;BIRC5;PCNA;GINS4;CENPM;PRIM2;TCF19;NUP205;POP7;SNRPB;HMMR;BUB1B;JPT1;MCM6;CDCA3;DEPDC1;SPC24;TACC3;CDKN2C;STMN1;KPNA2;TUBG1;CIT;WEE1;CENPE;CSE1L;RAD51AP1;MMS22L;KIF22;TUBB;HMGB2;TP53;DONSON;XPO1;PHF5A;ASF1B,2,Hallmark
prerank,HALLMARK_G2M_CHECKPOINT,-0.6880710042224636,-2.0655533085626265,0.0,0.0,0.0,89/187,12.46%,CDK1;SQLE;RAD21;TOP2A;CDC20;CKS1B;EFNA5;CCNB2;PRC1;HMGA1;TPX2;MYBL2;CHEK1;MCM2;NUSAP1;UBE2C;SMC4;CDKN3;MKI67;UCK2;BUB1;PTTG1;RAD54L;MAD2L1;STIL;EZH2;KIF23;TTK;E2F3;CENPF;LMNB1;DKC1;KIF2C;EXO1;PLK1;KIF4A;ORC6;TFDP1;NDC80;CDC25A;CENPA;CCNA2;MCM3;AURKB;AMD1;HMGB3;NEK2;KIF15;SMARCC1;CDC6;CKS2;KIF5B;AURKA;GSPT1;BIRC5;NSD2;KIF11;SLC7A5;KNL1;PRIM2;CCND1;CDC45;INCENP;HMMR;FBXO5;JPT1;E2F1;MCM6;CCNF;RAD23B;TACC3;CDKN2C;STMN1;PBK;HOXC10;KPNA2;TROAP;CENPE;HSPA8;CDC7;TRAIP;SLC12A2;DBF4;KIF22;XPO1;SMC2;MAP3K20;CUL4A;LBR,2,Hallmark
prerank,HALLMARK_ALLOGRAFT_REJECTION,0.7535340325992788,1.9373292992537696,0.0,0.0,0.0,64/175,8.81%,CCL19;ZAP70;CD96;CD28;CD2;GZMA;CCND2;STAT4;PRKCB;CD3E;CD3D;HCLS1;LCK;MAP4K1;TIMP1;CXCL13;STAB1;IL2RG;FYB1;TRAT1;GZMB;CD4;IL16;CD8A;CD7;CD79A;CD40;IRF8;CD40LG;GPR65;NCF4;PRF1;IL18RAP;CCL5;WAS;IL4R;ITGAL;FAS;CCR2;ETS1;IL6;LCP2;SIT1;ACHE;CD1D;PTPRC;CFP;CXCL9;LTB;EREG;PSMB10;CD247;IL12RB1;CCR5;THY1;CD74;FGR;KLRD1;C2;CTSS;TGFB1;SPI1;F2R;IKBKB,2,Hallmark
prerank,HALLMARK_GLYCOLYSIS,-0.6171423003505163,-1.8432692458748745,0.0,0.0,0.0,64/191,11.99%,DSC2;CDK1;MIF;CLDN3;VLDLR;COPB2;PLOD2;ELF3;EGLN3;SDC1;AGRN;EFNA3;VEGFA;KDELR3;P4HA1;B4GALT2;ERO1A;GPC4;PKM;PLOD1;ME1;QSOX1;FAM162A;NT5E;CENPA;PFKP;PYGL;SOX9;ARPP19;GFPT1;SLC16A3;GPR87;TALDO1;EXT1;MET;AURKA;MDH1;B3GAT1;B4GALT1;ENO1;PAM;DDIT4;KIF20A;MDH2;NSDHL;B4GALT4;STC2;HMMR;PGAM1;PPFIA4;P4HA2;GPC1;DEPDC1;AKR1A1;CYB5A;STMN1;LHPP;SDC2;SLC37A4;B3GNT3;ADORA2B;TGFBI;B4GALT7;G6PD,2,Hallmark
prerank,HALLMARK_OXIDATIVE_PHOSPHORYLATION,-0.6193416792293029,-1.823892027685439,0.0,0.0,0.0,75/185,14.12%,ATP1B1;MAOB;COX6C;UQCRH;ATP6V1C1;UQCRC1;NDUFA4;NDUFAB1;UQCR10;CYC1;ATP5MF;MGST3;ATP6V0E1;ATP6V0B;ATP5F1C;ATP6V0C;VDAC3;PHYH;NDUFB2;TOMM70;NDUFA6;NDUFC2;ATP6V1F;CYCS;ECI1;LRPPRC;PDHA1;NDUFB4;NDUFS8;MDH1;VDAC1;NDUFS6;NDUFB6;COX8A;ATP5F1E;ATP6AP1;HCCS;NDUFB5;COX7A2L;MTX2;ATP6V1G1;POR;MDH2;POLR2F;NDUFA8;NDUFA5;UQCRC2;PDHX;ATP5MC3;VDAC2;DLAT;CYB5A;COX5B;OPA1;COX7B;NDUFB1;COX7A2;SUPV3L1;HSD17B10;ATP6V1H;TOMM22;ATP6V1D;ATP5F1B;UQCRQ;IDH2;NDUFB3;OAT;GPI;ATP5MG;SURF1;CYB5R3;NDUFV1;NDUFA1;IMMT;AFG3L2,2,Hallmark
prerank,HALLMARK_MTORC1_SIGNALING,-0.5703745996502865,-1.7774156521467406,0.0,0.0,0.0,72/186,12.05%,DHCR24;SLC2A1;SQLE;MCM4;VLDLR;PRDX1;PLOD2;CD9;FADS2;SCD;DHCR7;EGLN3;MCM2;CANX;PIK3R3;P4HA1;ERO1A;BUB1;SSR1;ME1;RPN1;PSMB5;GMPS;PLK1;PGM1;PSMG1;CDC25A;PSMC2;TES;CYP51A1;TMEM97;MTHFD2;HPRT1;PNO1;PSMD14;SERP1;PSMA4;SORD;RIT1;SQSTM1;AURKA;PSMA3;SLC7A5;ENO1;PSAT1;DDIT4;UCHL5;NUP205;ACSL3;IDI1;ACTR3;PSPH;ABCF2;ARPC5L;SDF2L1;TUBA4A;CCNF;DHFR;EEF1E1;ADIPOR2;FADS1;TUBG1;BHLHE40;HMGCR;CALR;HSP90B1;SLC37A4;RAB1A;ATP6V1D;PHGDH;G6PD;SEC11A,2,Hallmark
prerank,HALLMARK_TNFA_SIGNALING_VIA_NFKB,0.6591056137228488,1.6745652829027204,0.0,0.0036304456685027,0.01,86/195,15.41%,IL7R;GEM;EGR1;FOSB;BTG2;KLF2;NR4A1;SERPINE1;ZFP36;EGR3;GFPT2;PTGS2;NR4A2;TRAF1;NR4A3;SOCS3;CD69;CFLAR;TNFAIP6;JUNB;AREG;ATP2B1;DUSP5;KDM6B;NFKB2;DUSP1;IER2;BIRC3;CXCL2;CCL5;FOS;GPR183;BCL6;G0S2;ABCA1;RHOB;NFIL3;EGR2;IL6;SLC2A3;JAG1;PLEK;KLF9;CCN1;SMAD3;PER1;DUSP4;PTPRE;KYNU;IRF1;PFKFB3;SGK1;BTG1;CDKN1A;PHLDA1;MSC;CD80;TNFAIP3;SPHK1;BCL3;CCL2;CD44;MXD1;MCL1;GADD45B;NFKB1;ETS2;HBEGF;KLF6;DRAM1;TNFAIP8;SPSB1;DENND5A;FOSL2;ID2;F2RL1;CCL4;ATF3;PDE4B;NINJ1;PLPP3;TNIP1;GADD45A;RELB;CLCF1;TRIP10,2,Hallmark
prerank,HALLMARK_KRAS_SIGNALING_UP,0.6338567593544712,1.6297865413116874,0.0,0.0048405942246703,0.02,69/195,11.00%,IKZF1;IL7R;CD37;F13A1;PECAM1;DOCK2;APOD;CCND2;GFPT2;PIGR;PTGS2;CXCR4;LCP1;IL10RA;MAP4K1;TRAF1;CPE;CFH;EMP1;IL2RG;SPARCL1;ABCB1;ADGRA2;SPON1;ENG;TMEM176A;TMEM176B;PRRX1;AKAP12;IRF8;TNFRSF1B;BIRC3;SATB1;SPRY2;SCN1B;LY96;GNG11;TSPAN7;G0S2;SDCCAG8;ALDH1A2;TFPI;RELN;MAP3K1;ETS1;DUSP6;PLVAP;EREG;CBR4;MTMR10;FLT4;CMKLR1;CTSS;ADGRL4;PEG3;PLAT;GUCY1A1;GYPC;HSD11B1;CROT;ANO1;PRDM1;DNMBP;TNFAIP3;ALDH1A3;MAFB;RGS16;ITGBL1;NAP1L2,2,Hallmark
prerank,HALLMARK_CHOLESTEROL_HOMEOSTASIS,-0.615745550142533,-1.6240365461641393,0.0,0.014910536779324,0.05,26/71,9.46%,MAL2;SQLE;CD9;FADS2;SCD;DHCR7;S100A11;LGALS3;ACAT2;FDPS;PLSCR1;CYP51A1;TMEM97;FDFT1;SEMA3B;TNFRSF12A;GLDC;FASN;CHKA;CXCL16;PMVK;NSDHL;IDI1;CTNNB1;PCYT2;ACTG1,2,Hallmark
prerank,HALLMARK_MYC_TARGETS_V2,-0.6457969195370047,-1.61031665251884,0.0,0.0130467196819085,0.05,19/56,15.68%,MCM4;CBX3;PLK1;TMEM97;SORD;DCTPP1;SLC29A2;AIMP2;NOP16;WDR43;MPHOSPH10;DDX18;SUPV3L1;BYSL;HK2;MCM5;SLC19A1;RCL1;PES1,2,Hallmark
prerank,HALLMARK_INFLAMMATORY_RESPONSE,0.6172334134967542,1.6094096336829848,0.0,0.0036304456685027,0.02,69/198,13.09%,SELL;IL7R;BTG2;SERPINE1;CALCRL;CCR7;LCK;SLAMF1;IL10RA;TIMP1;CD69;STAB1;TNFAIP6;SELE;ATP2B1;RASGRP1;CD40;LPAR1;TNFRSF1B;SLC7A2;IL18RAP;CCL5;GPR183;SCN1B;PIK3R5;IL4R;ABCA1;GPR132;IL6;KCNA3;LCP2;FPR1;PDPN;PTGIR;HAS2;CD14;CXCL9;EREG;CD48;PTPRE;IRF1;SCARF1;IL1R1;CMKLR1;AXL;GABBR1;APLNR;SEMA4D;CSF3;CDKN1A;GPC3;EMP3;ITGA5;CYBB;IL2RB;SPHK1;CCL2;RGS16;MXD1;C5AR1;NFKB1;HBEGF;RGS1;CSF3R;KLF6;VIP;MSR1;C3AR1;OSM,2,Hallmark
prerank,HALLMARK_DNA_REPAIR,-0.5349195305966095,-1.600158291726098,0.0,0.0115970841616964,0.05,36/143,10.49%,TYMS;BCAP31;FEN1;POLR2K;RFC4;NME4;GTF2A2;GTF2H5;RRM2B;MPC2;TAF13;HPRT1;SEC61A1;POLR2H;NME1;RAD51;RFC2;SSRP1;CETN2;DGUOK;PCNA;GUK1;RBX1;POLR3C;STX3;ZWINT;ADRM1;POLR2F;NELFB;DDB1;DAD1;EDF1;TMED2;RAE1;VPS28;SAC3D1,2,Hallmark
prerank,HALLMARK_APOPTOSIS,0.620754074327592,1.5748178321659847,0.0,0.0101652478718077,0.07,40/155,8.86%,BTG2;EGR3;CD2;CCND2;CASP8;TXNIP;TIMP1;DCN;EMP1;TGFBR3;MMP2;CD69;CFLAR;PLCB2;CD38;GPX3;PDGFRB;BIRC3;CDKN1B;SATB1;DPYD;PRF1;PDCD4;FAS;HMOX1;RHOB;IL6;CAV1;CD14;EREG;IRF1;MADD;LEF1;CYLD;BCL2L1;SLC20A1;PLAT;F2R;CDKN1A;ISG20,2,Hallmark
prerank,HALLMARK_SPERMATOGENESIS,-0.5693390724964966,-1.557000729730203,0.0,0.0146123260437375,0.07,20/126,6.62%,CDK1;PCSK1N;CCNB2;CDKN3;BUB1;RFC4;EZH2;TTK;ART3;KIF2C;NEFH;CNIH2;PSMG1;VDAC3;NEK2;TALDO1;MAP7;AURKA;MAST2;PRKAR2A,2,Hallmark
prerank,HALLMARK_PEROXISOME,-0.5821665891558735,-1.4940640894345334,0.0,0.0265678655340683,0.13,18/101,6.89%,CRABP1;CRABP2;DHCR24;TOP2A;PRDX1;FDPS;ABCD1;TSPO;MSH2;SCP2;CACNA1B;SEMA3C;PRDX5;CTPS1;CADM1;SMARCC1;SOD2;ABCD3,2,Hallmark
prerank,HALLMARK_UV_RESPONSE_DN,0.5880361517330841,1.4733625697781028,0.0,0.0399349023535303,0.26,38/141,9.08%,FYN;SERPINE1;DLC1;PIK3CD;TGFBR2;TGFBR3;SYNE1;ATP2B1;LPAR1;DUSP1;PDGFRB;CDKN1B;NR3C1;COL3A1;COL1A1;CELF2;RUNX1;AKT3;TFPI;DAB2;KIT;COL1A2;RBPMS;CAV1;KCNMA1;CCN1;HAS2;SMAD3;MMP16;COL5A2;INPP4B;ATP2B4;PPARG;PTPRM;GJA1;PRDM2;ID1;WDR37,2,Hallmark
prerank,HALLMARK_PROTEIN_SECRETION,-0.5051145558254492,-1.4726579499635184,0.0,0.0243538767395626,0.13,32/90,14.34%,COPB2;LAMP2;AP2M1;SCRN1;ANP32E;ARF1;SCAMP3;TPD52;LMAN1;RAB5A;RER1;RAB9A;MAPK1;PPT1;ARCN1;PAM;TMED10;ARFGEF2;TMED2;ARFGAP3;ATP6V1H;YIPF6;TMX1;RAB22A;ATP1A1;VPS45;VAMP7;AP2S1;ZW10;CLTA;OCRL;IGF2R,2,Hallmark
prerank,HALLMARK_IL6_JAK_STAT3_SIGNALING,0.6313944663463976,1.43922628686632,0.0,0.0570498605050432,0.41,31/85,12.43%,ITGA4;CD36;SOCS3;PLA2G2A;CXCL13;IL2RG;CD38;TNFRSF1B;ACVRL1;PIK3R5;IL4R;FAS;HMOX1;IL6;TNFRSF1A;IL3RA;CD14;CXCL9;LTB;IL12RB1;IRF1;LEPR;IL1R1;CSF2RB;TGFB1;CD44;PTPN1;CRLF2;IL2RA;CSF3R;TYK2,2,Hallmark
prerank,HALLMARK_IL2_STAT5_SIGNALING,0.5379664093584178,1.4322081671185305,0.0125,0.0544566850275413,0.43,64/195,12.75%,SELL;CCND2;IL10RA;TRAF1;EMP1;CST7;ABCB1;SELP;CD79B;IRF8;TNFRSF1B;FGL2;XBP1;GPR65;RORA;RHOH;AGER;SHE;CCR4;TGM2;BCL2;IL1RL1;IL4R;AHNAK;SOCS2;EOMES;SH3BGRL2;PRKCH;ICOS;RHOB;NFIL3;NFKBIZ;SLC2A3;BMPR2;IL3RA;LTB;FLT3LG;GUCY1B1;CD48;LRRC8C;CTLA4;HIPK2;CAPN3;GALM;BCL2L1;TNFRSF4;PHLDA1;TNFRSF8;DHRS3;F2RL2;HOPX;IL2RB;MAP6;ADAM19;RGS16;CD44;MXD1;SPRY4;GADD45B;SYT11;IL2RA;KLF6;RABGAP1L;NRP1,2,Hallmark
prerank,HALLMARK_UNFOLDED_PROTEIN_RESPONSE,-0.4804134352218202,-1.3959508406895773,0.037037037037037,0.0401437528674109,0.22,29/105,8.79%,YWHAZ;CKS1B;NHP2;VEGFA;EXOSC4;KDELR3;ERO1A;IFIT1;SSR1;YIF1A;DKC1;PAIP1;MTHFD2;SERP1;EIF2S1;EIF4EBP1;PDIA6;KIF5B;PDIA5;BANF1;SLC7A5;XPOT;PSAT1;DDIT4;EIF4A3;CNOT6;LSM4;STC2;SHC1,2,Hallmark
prerank,HALLMARK_INTERFERON_GAMMA_RESPONSE,0.5354288631742097,1.3957160914609783,0.0116279069767441,0.0766427418906137,0.62,64/188,14.02%,GZMA;CIITA;STAT4;CASP8;PTGS2;KLRK1;TXNIP;IL10RA;CFH;SOCS3;CD69;TNFAIP6;CD38;CD40;SELP;IRF8;FGL2;CCL5;VCAM1;NLRC5;SAMHD1;IL4R;C1R;SLAMF7;MT2A;FAS;IL6;LCP2;FPR1;CXCL9;PSMB10;C1S;IRF1;MX2;VAMP5;UPP1;NOD1;CD74;SP110;ITGB7;CMKLR1;ARID5B;CSF2RB;EIF4E3;RBCK1;GPR18;BTG1;CDKN1A;ISG20;CASP7;IL2RB;TNFAIP3;CCL2;PTPN6;PTPN1;NFKB1;SLC25A28;PTPN2;ZBP1;BANK1;EPSTI1;TRAFD1;ST3GAL5;P2RY14,2,Hallmark
prerank,HALLMARK_COAGULATION,0.5354284810499544,1.3870236486656278,0.0,0.0747871807711567,0.64,27/136,8.42%,FYN;SERPINE1;PECAM1;HTRA1;FBN1;TIMP1;CFH;MMP2;CTSK;LRP1;CFI;THBS1;VWF;PRSS23;CFD;RAPGEF3;C1R;C3;C1QA;DUSP6;PLEK;C1S;CTSO;C2;TFPI2;SIRT2;PLAT,2,Hallmark
prerank,HALLMARK_ESTROGEN_RESPONSE_LATE,-0.4492794438000977,-1.3573151681375353,0.0,0.0521868787276341,0.3,48/193,8.21%,S100A9;LTF;KRT19;LAMC2;TOP2A;CDC20;SERPINA3;ASS1;CD9;TRIM29;DHCR7;FOXC1;COX6C;TPD52L1;MAPK13;ST14;PKP3;CDH1;ALDH3A2;STIL;PCP4;PERP;MDK;EMP2;PLXNB1;FLNB;BTG3;TFAP2C;FDFT1;SEMA3B;HPRT1;TSPAN13;PPIF;SORD;SNX10;CLIC3;CDC6;PLAAT3;DYNLT3;SIAH2;LSR;HOMER2;SLC7A5;SFN;KCNK5;KIF20A;CCND1;SCARB1,2,Hallmark
prerank,HALLMARK_EPITHELIAL_MESENCHYMAL_TRANSITION,0.5319325466958179,1.3570411102990168,0.0240963855421686,0.0891109391359766,0.79,54/198,8.50%,ABI3BP;IGFBP4;SFRP4;GEM;SERPINE1;CXCL12;HTRA1;DST;COL6A3;FBN1;LAMA2;TIMP1;DCN;VCAN;TGFBR3;MMP2;LRP1;AREG;SLIT3;THBS1;PRRX1;PDGFRB;PDLIM4;WIPF1;BASP1;COL3A1;COL1A1;VCAM1;TGM2;VEGFC;SCG2;FAP;FAS;THBS2;SLIT2;RHOB;IL6;DAB2;COL5A3;LAMA3;COL1A2;CCN1;VIM;FMOD;THY1;COL4A1;PCOLCE;COL4A2;COL5A2;TFPI2;ADAM12;GJA1;GAS1;TGFB1,2,Hallmark
prerank,HALLMARK_TGF_BETA_SIGNALING,0.5919676789037522,1.3326443527486167,0.0857142857142857,0.1016524787180771,0.83,12/53,8.50%,SERPINE1;JUNB;ENG;THBS1;LTBP2;BMPR2;SMAD3;HIPK2;ID3;SLC20A1;ID1;TGFB1,2,Hallmark
prerank,HALLMARK_MITOTIC_SPINDLE,-0.4479904224584276,-1.3144579762444752,0.0,0.0667992047713717,0.38,49/197,10.69%,CDK1;TOP2A;CCNB2;ECT2;DLGAP5;PRC1;TPX2;NUSAP1;SMC4;FLNA;ANLN;BUB1;VCL;KIF23;TTK;CENPF;LMNB1;EZR;KIF2C;PLK1;KIF4A;FLNB;NDC80;NCK1;WASL;CDC42BPA;NEK2;CTTN;RANBP9;KIF15;SHROOM2;KIF5B;LRPPRC;AURKA;ARHGAP29;OPHN1;BIRC5;KIF11;CKAP5;DYNC1H1;INCENP;FBXO5;ARHGEF11;TUBA4A;MYH9;CEP57;SAC3D1;CDC42EP1;CENPE,2,Hallmark
prerank,HALLMARK_XENOBIOTIC_METABOLISM,0.5073171094050717,1.3053564975818506,0.0389610389610389,0.1212010323177073,0.91,29/190,7.33%,PTGDS;IGFBP4;SERPINE1;CD36;TAT;CYFIP2;TMEM176B;IGF1;IRF8;PDK4;MAN1A1;MT2A;ABCD2;FAS;HMOX1;ENPEP;APOE;CSAD;TNFRSF1A;AP4B1;ESR1;TPST1;PSMB10;KYNU;UPP1;IL1R1;AOX1;SERTAD1;SLC46A3,2,Hallmark
prerank,HALLMARK_COMPLEMENT,0.4855395195107646,1.273102770756764,0.0384615384615384,0.1519600829816152,0.95,54/194,11.43%,FYN;SERPINE1;GZMK;GZMA;SPOCK2;LCK;CD36;TIMP1;CFH;CR1;LRP1;GZMB;DOCK10;RASGRP1;DUSP5;CASP10;CD40LG;APOBEC3G;CCL5;WAS;SH2B3;PIK3R5;C1R;GNG2;C3;IL6;C1QA;LCP2;DUSP6;PLEK;PIK3CG;ZEB1;C4BPB;C1S;CTSO;KYNU;IRF1;COL4A2;ERAP2;C2;CTSS;C1QC;TFPI2;CTSL;PLAT;ITGAM;CLU;AKAP10;CASP7;DOCK4;TNFAIP3;STX4;LTA4H;DYRK2,2,Hallmark
prerank,HALLMARK_FATTY_ACID_METABOLISM,-0.4169317682873192,-1.2193703521680923,0.05,0.116115805168986,0.57,21/145,8.51%,DHCR24;MIF;SMS;PCBD1;PTS;S100A10;ACAT2;ME1;ALDH3A2;EPHX1;ECI1;CBR1;BPHL;FASN;PDHA1;LGALS1;MDH1;HCCS;MDH2;NSDHL;IDI1,2,Hallmark
prerank,HALLMARK_WNT_BETA_CATENIN_SIGNALING,0.534641144997805,1.2038598275030812,0.125,0.2744616925388082,0.99,5/41,6.90%,CCND2;TCF7;DLL1;JAG1;LEF1,2,Hallmark
prerank,HALLMARK_NOTCH_SIGNALING,0.5594829025212225,1.1930471666833398,0.2608695652173913,0.2754600650976465,1.0,9/31,10.42%,DLL1;JAG1;DTX1;HEYL;NOTCH3;LFNG;FZD7;ARRB1;WNT2,2,Hallmark
prerank,HALLMARK_HYPOXIA,-0.4109236528921274,-1.1320541069678969,0.2857142857142857,0.2222547070518068,0.89,27/195,4.30%,CP;EFNA1;SLC2A1;NDRG1;MIF;VLDLR;EDN2;CCN2;EFNA3;VEGFA;KDELR3;TMEM45A;P4HA1;ANXA2;ERO1A;GPC4;LOX;FAM162A;PGM1;GCNT2;SDC4;F3;S100A4;PFKP;TES;PRDX5;TPD52,2,Hallmark
prerank,HALLMARK_PANCREAS_BETA_CELLS,0.54396326452199,1.1265254899858794,0.3283582089552239,0.4271112551179711,1.0,7/39,10.71%,AKT3;LMO2;FOXO1;PCSK1;ELP4;STXBP1;MAFB,2,Hallmark
prerank,HALLMARK_MYOGENESIS,0.4387899173660368,1.1071803503141262,0.253012048192771,0.4578395370834028,1.0,36/189,12.00%,APOD;COL15A1;COL6A3;CD36;LAMA2;FST;LSP1;GPX3;IGF1;RB1;COL3A1;COL1A1;PTGIS;CFD;MYH11;IGFBP7;MEF2C;ACHE;AEBP1;COX7A1;PKIA;COL4A2;FXYD1;ADAM12;SIRT2;APLNR;TGFB1;CDKN1A;PFKM;COL6A2;CLU;ITGA7;SPHK1;DMPK;GADD45B;HBEGF,2,Hallmark
prerank,HALLMARK_ANGIOGENESIS,0.5183604219712259,1.0817438813936406,0.3513513513513513,0.4987085891995889,1.0,17/36,12.75%,CCND2;TIMP1;VCAN;COL3A1;FGFR1;JAG1;LPL;SLCO2A1;KCNJ8;COL5A2;SERPINA5;PDGFA;THBD;PRG2;MSX1;POSTN;NRP1,2,Hallmark
prerank,HALLMARK_ESTROGEN_RESPONSE_EARLY,-0.3668918871413281,-1.081741620143318,0.2,0.3073227302849569,0.99,40/193,8.21%,MUC1;SLC2A1;KRT8;KRT19;CLDN7;CALB2;FHL2;ELF3;DHCR7;FOXC1;RHOD;TPD52L1;TSKU;TTC39A;LAD1;FLNB;SYT12;KRT15;TFAP2C;FDFT1;PMAIP1;SEMA3B;ZNF185;SYNGR1;PPIF;AQP3;WWC1;CLIC3;FASN;PLAAT3;DYNLT3;SIAH2;SLC7A5;B4GALT1;SFN;KCNK5;CELSR1;CCND1;KLF10;SCARB1,2,Hallmark
prerank,HALLMARK_ANDROGEN_RESPONSE,-0.3719761685246524,-1.055124576168789,0.2941176470588235,0.3548707753479125,0.99,26/98,8.58%,DHCR24;NDRG1;KRT8;KRT19;SCD;ACTN1;SMS;MYL12A;DBI;XRCC6;TPD52;UBE2I;SORD;LMAN1;MAP7;CENPN;GNAI3;HOMER2;B4GALT1;RAB4A;UAP1;PMEPA1;CCND1;ACSL3;IDI1;ADRM1,2,Hallmark
prerank,HALLMARK_KRAS_SIGNALING_DN,0.4053917345280846,1.0502757013655917,0.4523809523809524,0.5492864296444666,1.0,22/187,9.72%,SELENOP;BTG2;TENT5C;NR4A2;SIDT1;CLSTN3;CD40LG;SLC16A7;TCL1A;IDUA;EGF;MTHFR;LFNG;SLC12A3;SGK1;KMT2D;TFAP2B;ZBTB16;CPB1;PRKN;MAST3;CD80,2,Hallmark
prerank,HALLMARK_APICAL_JUNCTION,0.3978290797164465,1.0209395203046647,0.430379746835443,0.5933185492524501,1.0,30/195,7.59%,PECAM1;CD209;ARHGEF6;FBN1;TRAF1;VCAN;MMP2;FYB1;RAC2;EVL;VWF;LIMA1;COL17A1;ICAM2;VCAM1;CLDN5;AKT3;CADM3;SLIT2;CD34;CLDN15;LAMA3;PTPRC;SYK;NRXN2;THY1;SYMPK;ADAMTS5;PLCG1;JAM3,2,Hallmark
prerank,HALLMARK_ADIPOGENESIS,0.3827896224157839,1.0040673218701306,0.4698795180722891,0.6112350343697365,1.0,29/193,11.72%,FABP4;COL15A1;ENPP2;NABP1;CD36;SPARCL1;LAMA4;GPX3;PDCD4;FZD4;BCL6;ABCA1;C3;APOE;LPL;PTGER3;CAVIN2;PHLDB1;COL4A1;PFKFB3;PPARG;UCP2;DECR1;BAZ2A;ITGA7;CAVIN1;DRAM2;MIGA2;SNCG,2,Hallmark
prerank,HALLMARK_HEDGEHOG_SIGNALING,-0.4270999736345759,-0.9758554066456314,0.4642857142857143,0.5291749502982108,1.0,8/36,10.47%,VLDLR;VEGFA;AMOT;L1CAM;OPHN1;CELSR1;MYH9;ADGRG1,2,Hallmark
prerank,HALLMARK_INTERFERON_ALPHA_RESPONSE,-0.3471791911352617,-0.9367629760916382,0.7058823529411765,0.6083499005964215,1.0,16/93,7.18%,LY6E;IFI27;ISG15;MX1;ADAR;BST2;EIF2AK2;CXCL11;CXCL10;PLSCR1;LAMP3;IFIT2;RTP4;USP18;PSMA3;LGALS3BP,2,Hallmark
prerank,HALLMARK_PI3K_AKT_MTOR_SIGNALING,0.3812242692242312,0.9329235269027956,0.573170731707317,0.7627092813132743,1.0,19/103,9.99%,CXCR4;PRKCB;LCK;IL2RG;SLA;CDKN1B;ITPR2;CAMK4;ECSIT;PIKFYVE;TNFRSF1A;PLCB1;NOD1;MKNK2;PLCG1;CDKN1A;GNA14;IRAK4;RPTOR,2,Hallmark
prerank,HALLMARK_UV_RESPONSE_UP,0.3657168391395527,0.9038972818428266,0.7294117647058823,0.7950676014021031,1.0,17/146,6.36%,FOSB;BTG2;NR4A1;ABCB1;JUNB;GPX3;RASGRP1;CXCL2;FOS;ARRB2;HMOX1;RHOB;IL6;DLG4;C4BPB;NXF1;IRF1,2,Hallmark
prerank,HALLMARK_BILE_ACID_METABOLISM,0.3447988523407438,0.881700178642442,0.7439024390243902,0.8245468202303455,1.0,16/110,9.83%,ABCA8;LCK;CH25H;CYP7B1;ABCA6;ABCA1;ALDH1A1;ABCD2;BMP6;ABCA9;AR;PFKM;CROT;MLYCD;ACSL5;NR3C2,2,Hallmark
prerank,HALLMARK_P53_PATHWAY,0.3448750688567152,0.8782892994594186,0.7558139534883721,0.8009321674819923,1.0,47/190,15.20%,BTG2;DGKA;CCND2;TXNIP;FBXW7;TSPYL2;CYFIP2;RB1;FOS;PITPNC1;KIF13B;FAS;HMOX1;PTPRE;UPP1;MKNK2;PROCR;DEF6;ZBTB16;TGFB1;F2R;BTG1;CDKN1A;PDGFA;ANKRA2;ABAT;SPHK1;RGS16;MXD1;HBEGF;DRAM1;ERCC5;ISCU;RRP8;GPX2;FUCA1;CSRNP2;PRKAB1;TRAFD1;APAF1;WWP1;ATF3;CEBPA;DDB2;NINJ1;GADD45A;RHBDF2,2,Hallmark
prerank,HALLMARK_REACTIVE_OXYGEN_SPECIES_PATHWAY,0.3592591568907909,0.7902789425357584,0.8059701492537313,0.95036999944361,1.0,5/48,2.97%,JUNB;LSP1;GPX3;IPCEF1;SBNO2,2,Hallmark
prerank,HALLMARK_HEME_METABOLISM,0.305842605214389,0.7837146695668908,0.8588235294117647,0.9257636454682022,1.0,26/187,11.60%,BTG2;TENT5C;ACKR1;NR3C1;KAT2B;LMO2;CLIC2;TRAK2;C3;SNCA;RBM5;ELL2;EZH1;BMP2K;SEC14L1;BACH1;UCP2;AGPAT4;PGLS;TNS1;GYPC;BLVRA;MPP1;TNRC6B;TAL1;CLCN3,2,Hallmark
prerank,HALLMARK_APICAL_SURFACE,0.3535628799090371,0.7321958268505916,0.8695652173913043,0.9511767651477216,1.0,8/43,10.34%,IL2RG;AFAP1L2;SRPX;THY1;CROCC;GAS1;MAL;IL2RB,2,Hallmark
prerank,HALLMARK_MYC_TARGETS_V1,0.784406580612322,2.5618933846516283,0.0,0.0,0.0,65/161,10.92%,MCM4;DEK;TYMS;CDC20;ILF2;NHP2;TXNL4A;USP1;MCM2;CANX;HDGF;SRPK1;CBX3;PRDX4;RFC4;MAD2L1;NDUFAB1;PSMB2;ERH;GLO1;CCT3;CYC1;TFDP1;PPM1G;CCNA2;SSBP1;SNRPG;TOMM70;XRCC6;PSMA7;SMARCC1;PSMA4;HPRT1;PSMD14;CTPS1;VDAC3;HDAC2;EIF2S1;CLNS1A;SET;EIF3B;VDAC1;NME1;PCNA;TCP1;GSPT1;SERBP1;DDX21;LSM2;HSP90AB1;XPOT;NOP16;AIMP2;VBP1;MCM6;CDC45;KPNA2;UBE2E1;CCT4;ABCE1;DDX18;RNPS1;YWHAQ;RAD23B;XPO1,3,Hallmark
prerank,HALLMARK_E2F_TARGETS,0.7462780886824548,2.3321380582083213,0.0,0.0,0.0,96/190,12.50%,CDKN2A;CDK1;RAD21;MCM4;DEK;TOP2A;CDC20;CKS1B;CCNB2;DLGAP5;USP1;MYBL2;HMGA1;PRKDC;CHEK1;MCM2;SMC4;TRIP13;TK1;MKI67;UBE2T;PRDX4;PTTG1;MELK;MAD2L1;EZH2;CDKN3;LMNB1;DSCC1;ANP32E;KIF4A;PLK1;KIF2C;CDC25A;ORC6;RBBP7;MSH2;MCM3;MTHFD2;AURKB;SPC25;HMGB3;SLBP;XRCC6;CCNE1;NUP153;CTPS1;GINS1;DCTPP1;EIF2S1;CKS2;SSRP1;AURKA;DIAPH3;ATAD2;NME1;PCNA;CENPM;RFC2;GSPT1;BIRC5;PRIM2;SNRPB;TCF19;GINS4;JPT1;MCM6;BUB1B;KPNA2;DEPDC1;STMN1;TACC3;RAD51AP1;HMMR;NUP205;CDCA3;POP7;CENPE;SPC24;WEE1;TUBG1;CIT;CSE1L;HMGB2;XPO1;LBR;TP53;SMC3;MCM5;TUBB;CDKN2C;PHF5A;KIF22;ASF1B;ZW10;CHEK2,3,Hallmark
prerank,HALLMARK_G2M_CHECKPOINT,0.6758835804688966,2.0548768123941423,0.0,0.0,0.0,87/187,11.51%,CDK1;SQLE;RAD21;TOP2A;CDC20;CKS1B;CCNB2;EFNA5;PRC1;MYBL2;HMGA1;TPX2;CHEK1;MCM2;SMC4;NUSAP1;UBE2C;MKI67;BUB1;UCK2;PTTG1;MAD2L1;EZH2;STIL;E2F3;CDKN3;TTK;RAD54L;LMNB1;KIF23;CENPF;DKC1;KIF4A;PLK1;EXO1;KIF2C;CDC25A;ORC6;NDC80;TFDP1;CCNA2;AMD1;CENPA;MCM3;AURKB;HMGB3;NEK2;SMARCC1;KIF15;CKS2;KIF5B;AURKA;KIF11;CDC6;SLC7A5;NSD2;GSPT1;BIRC5;PRIM2;KNL1;E2F1;JPT1;MCM6;INCENP;CDC45;FBXO5;KPNA2;STMN1;CCNF;TACC3;HMMR;CENPE;CCND1;HSPA8;TROAP;HOXC10;PBK;SLC12A2;CDC7;RAD23B;DBF4;XPO1;CUL4A;SMC2;LBR;MCM5;CDKN2C,3,Hallmark
prerank,HALLMARK_MTORC1_SIGNALING,0.5708675034677143,1.8043407545045709,0.0,0.0,0.0,74/186,12.50%,DHCR24;SLC2A1;SQLE;MCM4;VLDLR;PRDX1;CD9;PLOD2;FADS2;DHCR7;EGLN3;MCM2;SCD;CANX;ERO1A;P4HA1;PIK3R3;SSR1;BUB1;RPN1;PSMB5;ME1;GMPS;PLK1;PGM1;CDC25A;TES;PSMC2;PSMG1;MTHFD2;TMEM97;CYP51A1;PNO1;PSMA4;HPRT1;PSMD14;SERP1;RIT1;SORD;AURKA;SQSTM1;SLC7A5;PSMA3;ENO1;PSAT1;DDIT4;UCHL5;ACTR3;TUBA4A;SDF2L1;ARPC5L;ACSL3;DHFR;CCNF;NUP205;IDI1;ABCF2;PSPH;EEF1E1;TUBG1;FADS1;ADIPOR2;ATP6V1D;HSP90B1;CALR;BHLHE40;HMGCR;GPI;SLC37A4;SEC11A;PHGDH;G6PD;RAB1A;RDH11,3,Hallmark
prerank,HALLMARK_GLYCOLYSIS,0.5806438946756336,1.7927577194632704,0.0,0.0,0.0,52/191,9.09%,DSC2;CDK1;MIF;CLDN3;VLDLR;COPB2;ELF3;PLOD2;SDC1;AGRN;EGLN3;EFNA3;ERO1A;P4HA1;GPC4;VEGFA;KDELR3;B4GALT2;PKM;PLOD1;ME1;FAM162A;QSOX1;PFKP;CENPA;NT5E;ARPP19;GFPT1;SOX9;GPR87;SLC16A3;PYGL;MET;AURKA;EXT1;TALDO1;MDH1;ENO1;DDIT4;NSDHL;KIF20A;PAM;STC2;B3GAT1;B4GALT4;PGAM1;B4GALT1;AKR1A1;DEPDC1;STMN1;MDH2;HMMR,3,Hallmark
prerank,HALLMARK_OXIDATIVE_PHOSPHORYLATION,0.5999453172260454,1.7747052999670694,0.0,0.0,0.0,70/185,13.18%,ATP1B1;MAOB;COX6C;UQCRH;ATP6V1C1;NDUFA4;UQCRC1;NDUFAB1;UQCR10;CYC1;ATP5MF;MGST3;ATP6V0E1;ATP5F1C;ATP6V0C;ATP6V0B;NDUFB2;TOMM70;PHYH;VDAC3;NDUFA6;CYCS;NDUFC2;ECI1;ATP6V1F;LRPPRC;VDAC1;PDHA1;NDUFB6;MDH1;ATP6V1G1;NDUFB4;NDUFS8;ATP5F1E;ATP6AP1;NDUFB5;COX7A2L;NDUFS6;COX8A;HCCS;MTX2;UQCRC2;DLAT;NDUFA8;MDH2;POLR2F;VDAC2;NDUFA5;PDHX;NDUFB1;ATP5F1B;ATP5MC3;COX7B;OPA1;HSD17B10;POR;COX5B;ATP6V1D;SUPV3L1;COX7A2;IDH2;NDUFB3;GPI;ATP6V1H;UQCRQ;TOMM22;SURF1;NDUFA1;OAT;NDUFS3,3,Hallmark
prerank,HALLMARK_ALLOGRAFT_REJECTION,-0.7281361629516723,-1.7675920133906151,0.0,0.0,0.0,64/175,9.56%,CCL19;ZAP70;CCND2;CD28;CD96;STAB1;STAT4;CD2;GZMA;TIMP1;CD3D;PRKCB;HCLS1;CD3E;LCK;MAP4K1;IL16;CD8A;FYB1;CD40;NCF4;CD4;TRAT1;GZMB;IL6;CXCL13;IL2RG;IRF8;CD7;CD79A;GPR65;WAS;IL18RAP;CD40LG;IL4R;PRF1;FAS;CCR2;CCL5;EREG;ITGAL;LCP2;CD1D;SIT1;CFP;C2;ETS1;THY1;ACHE;IL12RB1;PTPRC;FGR;TGFB1;PSMB10;CCR5;BCL3;CD247;KLRD1;SPI1;F2R;CCL2;CD74;LTB;CXCL9,3,Hallmark
prerank,HALLMARK_TNFA_SIGNALING_VIA_NFKB,-0.6959605830507856,-1.73814067597763,0.0,0.0,0.0,66/195,10.01%,NR4A1;FOSB;EGR1;ZFP36;GEM;KLF2;PTGS2;SERPINE1;EGR3;GFPT2;BTG2;SOCS3;IL7R;NR4A2;NR4A3;JUNB;TNFAIP6;G0S2;DUSP1;KDM6B;FOS;CFLAR;CXCL2;CD69;IER2;TRAF1;AREG;NFIL3;NFKB2;BCL6;ATP2B1;IL6;RHOB;DUSP5;EGR2;SMAD3;BIRC3;ABCA1;PER1;CDKN1A;KLF9;SLC2A3;CCL5;CCN1;GPR183;JAG1;PTPRE;PLEK;PFKFB3;PHLDA1;DUSP4;FOSL2;SGK1;KYNU;BCL3;HBEGF;IRF1;PLPP3;CCL2;SPSB1;ETS2;BTG1;NAMPT;CLCF1;MCL1;MXD1,3,Hallmark
prerank,HALLMARK_SPERMATOGENESIS,0.5429270518197841,1.6716013662426423,0.0,0.0068389057750759,0.02,20/126,7.89%,CDK1;CCNB2;PCSK1N;BUB1;RFC4;EZH2;CDKN3;TTK;NEFH;ART3;KIF2C;CNIH2;PSMG1;NEK2;VDAC3;MAP7;AURKA;TALDO1;MAST2;PRKAR2A,3,Hallmark
prerank,HALLMARK_MYC_TARGETS_V2,0.6322583878198877,1.6608854143146146,0.0434782608695652,0.0089760638297872,0.03,20/56,15.68%,MCM4;CBX3;PLK1;TMEM97;DCTPP1;SLC29A2;SORD;NOP16;AIMP2;WDR43;DDX18;MPHOSPH10;SUPV3L1;MCM5;BYSL;RCL1;SLC19A1;HK2;TFB2M;PLK4,3,Hallmark
prerank,HALLMARK_PEROXISOME,0.5499085348655934,1.614128886467323,0.0,0.0079787234042553,0.03,16/101,5.07%,CRABP1;DHCR24;CRABP2;TOP2A;PRDX1;FDPS;ABCD1;TSPO;MSH2;SCP2;SEMA3C;PRDX5;CACNA1B;SMARCC1;CADM1;CTPS1,3,Hallmark
prerank,HALLMARK_KRAS_SIGNALING_UP,-0.6427850050575279,-1.6021135743689794,0.0,0.010043942247332,0.04,64/195,10.58%,APOD;F13A1;IKZF1;PTGS2;GFPT2;CCND2;IL7R;CPE;CD37;DOCK2;PECAM1;PIGR;RELN;EMP1;SPARCL1;G0S2;CFH;ADGRA2;IL10RA;AKAP12;CXCR4;TMEM176A;MAP4K1;TRAF1;PRRX1;LCP1;TMEM176B;ENG;ABCB1;SPON1;SCN1B;TNFRSF1B;IL2RG;IRF8;TFPI;ALDH1A2;SPRY2;GNG11;SATB1;TSPAN7;BIRC3;LY96;DUSP6;SDCCAG8;EREG;FLT4;MAP3K1;ADGRL4;ETS1;PLVAP;CBR4;MTMR10;PEG3;CMKLR1;GYPC;DNMBP;RBP4;HBEGF;PLAT;HSD11B1;CROT;GUCY1A1;ALDH1A3;CTSS,3,Hallmark
prerank,HALLMARK_DNA_REPAIR,0.5282363604767972,1.580406337296144,0.0,0.0119680851063829,0.05,40/143,12.25%,TYMS;POLR2K;BCAP31;FEN1;RFC4;NME4;GTF2A2;RRM2B;GTF2H5;MPC2;TAF13;SEC61A1;HPRT1;POLR2H;CETN2;RAD51;SSRP1;NME1;DGUOK;PCNA;RFC2;ZWINT;GUK1;RBX1;STX3;DAD1;POLR3C;POLR2F;ADRM1;SAC3D1;TMED2;EDF1;NELFB;VPS28;DDB1;RAE1;TP53;GTF3C5;POLB;SURF1,3,Hallmark
prerank,HALLMARK_APOPTOSIS,-0.640434662972764,-1.5795605412943778,0.0,0.0150659133709981,0.08,44/155,10.52%,GPX3;EGR3;DCN;CCND2;BTG2;MMP2;TGFBR3;TXNIP;CD2;EMP1;CASP8;TIMP1;CFLAR;CD69;PLCB2;PDGFRB;DPYD;IL6;RHOB;CD38;CDKN1B;SATB1;HMOX1;CD14;BIRC3;PDCD4;PRF1;CDKN1A;FAS;EREG;CAV1;BCL2L1;CLU;IGFBP6;SLC20A1;MADD;F2R;CASP9;IRF1;MCL1;CYLD;PLAT;GADD45B;LEF1,3,Hallmark
prerank,HALLMARK_INFLAMMATORY_RESPONSE,-0.6133491154856365,-1.5746071331432256,0.0,0.0135593220338983,0.09,66/198,12.53%,SELL;SERPINE1;BTG2;IL7R;STAB1;CALCRL;TNFAIP6;SLAMF1;SLC7A2;TIMP1;IL10RA;LCK;CCR7;CD69;SELE;LPAR1;ATP2B1;CD40;SCN1B;TNFRSF1B;IL6;RASGRP1;GPC3;CD14;IL18RAP;ABCA1;IL4R;FPR1;CDKN1A;PDPN;PIK3R5;HAS2;CCL5;EREG;GPR183;LCP2;GPR132;PTPRE;PTGIR;AXL;SCARF1;IL1R1;KCNA3;CSF3;GABBR1;CD48;CMKLR1;C5AR1;HBEGF;IRF1;CCL2;ITGA5;CXCL9;NAMPT;MXD1;APLNR;EMP3;SPHK1;SEMA4D;OSM;LDLR;VIP;PDE4B;RGS16;PTGER4;CSF3R,3,Hallmark
prerank,HALLMARK_IL6_JAK_STAT3_SIGNALING,-0.6556255750518606,-1.5327353579823484,0.0246913580246913,0.0238543628374136,0.17,32/85,12.80%,PLA2G2A;CD36;SOCS3;ITGA4;LEPR;TNFRSF1B;IL6;CXCL13;IL2RG;CD38;ACVRL1;TNFRSF1A;HMOX1;CD14;IL4R;FAS;PIK3R5;IL3RA;IL1R1;IL12RB1;CSF2RB;TGFB1;IRF1;LTB;CXCL9;PTPN2;IL2RA;TYK2;CNTFR;PIM1;CSF3R;CD44,3,Hallmark
prerank,HALLMARK_EPITHELIAL_MESENCHYMAL_TRANSITION,-0.5965296534638219,-1.4770593362896705,0.0111111111111111,0.0430454667742803,0.35,57/198,8.37%,IGFBP4;ABI3BP;CXCL12;SFRP4;GEM;SERPINE1;DCN;LAMA2;HTRA1;LRP1;MMP2;SLIT3;TGFBR3;FBN1;COL6A3;DST;VCAN;TIMP1;THBS1;PDGFRB;PRRX1;AREG;BASP1;PDLIM4;IL6;RHOB;VCAM1;THBS2;SLIT2;WIPF1;COL1A1;DAB2;PCOLCE;COL3A1;TGM2;FAP;SCG2;GAS1;VEGFC;FAS;LAMA3;CCN1;COL1A2;VIM;COL5A3;FBLN1;ADAM12;FMOD;COL4A1;THY1;COL4A2;TFPI2;ECM2;COL5A2;GJA1;COL6A2;TGFB1,3,Hallmark
prerank,HALLMARK_UV_RESPONSE_DN,-0.6127697603810887,-1.45597536424699,0.0,0.0508474576271186,0.41,38/141,9.41%,DLC1;SERPINE1;FYN;TGFBR2;TGFBR3;SYNE1;DUSP1;PIK3CD;PDGFRB;LPAR1;ATP2B1;TFPI;CDKN1B;RUNX1;AKT3;NR3C1;COL1A1;DAB2;COL3A1;CELF2;SMAD3;PPARG;RBPMS;KIT;HAS2;CCN1;CAV1;COL1A2;MMP16;ID1;KCNMA1;PRDM2;PTPRM;COL5A2;GJA1;ATP2B4;INPP4B;PLPP3,3,Hallmark
prerank,HALLMARK_CHOLESTEROL_HOMEOSTASIS,0.5455988827796395,1.43130092388113,0.0,0.0261121856866537,0.12,24/71,8.59%,MAL2;SQLE;CD9;FADS2;DHCR7;S100A11;LGALS3;SCD;ACAT2;FDPS;PLSCR1;TMEM97;CYP51A1;FDFT1;TNFRSF12A;GLDC;SEMA3B;CHKA;NSDHL;CXCL16;FASN;ACTG1;PMVK;CTNNB1,3,Hallmark
prerank,HALLMARK_PROTEIN_SECRETION,0.4996177769783108,1.4152862663033114,0.0,0.0279255319148936,0.14,33/90,14.74%,COPB2;LAMP2;AP2M1;SCRN1;ANP32E;TPD52;ARF1;SCAMP3;LMAN1;PPT1;RAB5A;RAB9A;RER1;MAPK1;ARCN1;PAM;ARFGEF2;TMED10;TMED2;YIPF6;ARFGAP3;TMX1;AP2S1;ATP6V1H;ZW10;VAMP7;ATP1A1;RAB22A;VPS45;CLTA;IGF2R;RAB2A;OCRL,3,Hallmark
prerank,HALLMARK_COAGULATION,-0.583542498555851,-1.4126532158572007,0.025,0.0711445909186022,0.52,30/136,9.34%,CFD;SERPINE1;FYN;HTRA1;LRP1;MMP2;PECAM1;CTSK;FBN1;CFH;TIMP1;CFI;THBS1;VWF;C1R;RAPGEF3;C3;PRSS23;C1QA;DUSP6;C1S;PLEK;CTSO;C2;CLU;TFPI2;THBD;SIRT2;F2RL2;CASP9,3,Hallmark
prerank,HALLMARK_XENOBIOTIC_METABOLISM,-0.5808038676086723,-1.405623865098504,0.0,0.0700564971751412,0.54,39/190,10.86%,IGFBP4;PTGDS;CD36;SERPINE1;IGF1;TAT;PDK4;TMEM176B;CYFIP2;MT2A;IRF8;CSAD;MAN1A1;TNFRSF1A;TPST1;HMOX1;AOX1;ENPEP;FAS;CDO1;APOE;AP4B1;FBLN1;ESR1;IL1R1;ABCD2;PTGES;SERTAD1;KYNU;UPP1;SLC46A3;CES1;PSMB10;RBP4;ETS2;HSD11B1;CROT;LCAT;CYP2E1,3,Hallmark
prerank,HALLMARK_MITOTIC_SPINDLE,0.4489336290400666,1.3888796536747572,0.0,0.0294599018003273,0.16,48/197,9.47%,CDK1;TOP2A;CCNB2;ECT2;DLGAP5;PRC1;TPX2;SMC4;NUSAP1;ANLN;FLNA;BUB1;VCL;EZR;TTK;LMNB1;KIF23;CENPF;KIF4A;PLK1;FLNB;KIF2C;NDC80;NCK1;WASL;NEK2;CDC42BPA;KIF15;CTTN;RANBP9;KIF5B;AURKA;LRPPRC;KIF11;SHROOM2;ARHGAP29;BIRC5;CKAP5;OPHN1;DYNC1H1;INCENP;TUBA4A;MYH9;FBXO5;CEP57;ARHGEF11;SAC3D1;CENPE,3,Hallmark
prerank,HALLMARK_MYOGENESIS,-0.5566485770031886,-1.3810538337031,0.0210526315789473,0.0794384523198082,0.64,36/189,10.68%,APOD;GPX3;CFD;CD36;FST;COL15A1;LAMA2;IGF1;COL6A3;PTGIS;LSP1;FXYD1;RB1;COL1A1;COL3A1;TNNT3;CDKN1A;MYH11;AEBP1;IGFBP7;COX7A1;ADAM12;MEF2C;CLU;PKIA;ACHE;COL4A2;PFKM;SIRT2;COL6A2;TGFB1;HBEGF;FHL1;APLNR;GADD45B;SPHK1,3,Hallmark
prerank,HALLMARK_TGF_BETA_SIGNALING,-0.6108388229311305,-1.3452025079920245,0.0441176470588235,0.1016949152542373,0.75,12/53,8.76%,SERPINE1;JUNB;THBS1;ENG;SMAD3;LTBP2;BMPR2;ID3;HIPK2;ID1;TGFB1;SLC20A1,3,Hallmark
prerank,HALLMARK_IL2_STAT5_SIGNALING,-0.5432573110365129,-1.3032617431081186,0.0108695652173913,0.1495002172968274,0.92,68/195,13.83%,SELL;CCND2;EMP1;IL10RA;SELP;TRAF1;NFIL3;ABCB1;CST7;SHE;TNFRSF1B;RHOB;FGL2;CD79B;IRF8;SOCS2;AHNAK;BCL2;IL1RL1;GPR65;RORA;SH3BGRL2;XBP1;AGER;RHOH;TGM2;IL4R;NFKBIZ;EOMES;SLC2A3;CCR4;BMPR2;IL3RA;PRKCH;DHRS3;GUCY1B1;ICOS;ITIH5;HIPK2;BCL2L1;FLT3LG;PHLDA1;CAPN3;CD48;TNFRSF8;CTLA4;LRRC8C;F2RL2;PLAGL1;SCN9A;LTB;SPRY4;MXD1;GADD45B;GALM;TNFRSF4;IL2RA;NRP1;SYT11;RGS16;SMPDL3A;PIM1;MAP6;CD44;PTH1R;IL2RB;HOPX;ADAM19,3,Hallmark
prerank,HALLMARK_UNFOLDED_PROTEIN_RESPONSE,0.4630506576122221,1.2904680677563705,0.0555555555555555,0.0564209726443769,0.29,32/105,11.36%,YWHAZ;CKS1B;NHP2;ERO1A;EXOSC4;IFIT1;VEGFA;KDELR3;SSR1;YIF1A;DKC1;PAIP1;MTHFD2;SERP1;EIF4EBP1;EIF2S1;PDIA6;KIF5B;SLC7A5;PDIA5;PSAT1;XPOT;DDIT4;BANF1;CNOT6;STC2;LSM4;EIF4A3;SHC1;HSP90B1;CALR;DNAJA4,3,Hallmark
prerank,HALLMARK_INTERFERON_GAMMA_RESPONSE,-0.5306778303617489,-1.2693364639326243,0.0659340659340659,0.1904761904761904,0.98,49/188,9.78%,PTGS2;SOCS3;TXNIP;STAT4;GZMA;CIITA;TNFAIP6;CFH;CASP8;KLRK1;IL10RA;SELP;CD69;C1R;CD40;MT2A;IL6;CD38;FGL2;VCAM1;IRF8;SAMHD1;IL4R;NLRC5;FPR1;CDKN1A;C1S;FAS;NOD1;CCL5;LCP2;VAMP5;SLAMF7;ARID5B;MX2;CMKLR1;CSF2RB;UPP1;PSMB10;RBCK1;SP110;EIF4E3;ITGB7;IRF1;CCL2;CD74;CXCL9;BTG1;NAMPT,3,Hallmark
prerank,HALLMARK_COMPLEMENT,-0.5044626678659201,-1.2673480188704933,0.0449438202247191,0.1807909604519774,0.98,52/194,10.58%,CD36;SERPINE1;FYN;LRP1;CR1;GZMK;GZMA;CFH;SPOCK2;TIMP1;LCK;C1R;GZMB;DOCK10;IL6;DUSP5;C3;RASGRP1;CASP10;APOBEC3G;WAS;SH2B3;GNG2;CD40LG;C1QA;DUSP6;C1S;PIK3R5;ZEB1;CCL5;LCP2;PLEK;C1QC;CTSO;C2;CTSL;CLU;COL4A2;TFPI2;C4BPB;KYNU;PIK3CG;ERAP2;ITGAM;CASP9;IRF1;STX4;DOCK4;AKAP10;PLAT;KCNIP2;CTSS,3,Hallmark
prerank,HALLMARK_NOTCH_SIGNALING,-0.5845247220623214,-1.2341624841315568,0.1538461538461538,0.2274011299435028,1.0,10/31,13.33%,DTX1;DLL1;JAG1;HEYL;LFNG;WNT2;NOTCH3;FZD7;TCF7L2;ARRB1,3,Hallmark
prerank,HALLMARK_ADIPOGENESIS,-0.4948422054160025,-1.206184284249509,0.1195652173913043,0.263653483992467,1.0,23/193,7.12%,FABP4;GPX3;CD36;ENPP2;COL15A1;NABP1;SPARCL1;LAMA4;LPL;BCL6;C3;FZD4;ABCA1;PPARG;PDCD4;APOE;CAVIN2;PHLDB1;PTGER3;ITIH5;ADIPOQ;PFKFB3;COL4A1,3,Hallmark
prerank,HALLMARK_ESTROGEN_RESPONSE_LATE,0.3885505562327586,1.192556884991524,0.0,0.1372340425531915,0.59,40/193,6.19%,S100A9;LTF;KRT19;TOP2A;LAMC2;SERPINA3;CDC20;CD9;TRIM29;ASS1;FOXC1;DHCR7;COX6C;MAPK13;ST14;TPD52L1;CDH1;PKP3;STIL;PERP;MDK;ALDH3A2;PCP4;FLNB;PLXNB1;EMP2;TFAP2C;BTG3;FDFT1;TSPAN13;HPRT1;PPIF;SNX10;CLIC3;SEMA3B;SORD;CDC6;LSR;SIAH2;SLC7A5,3,Hallmark
prerank,HALLMARK_ANGIOGENESIS,-0.5568011131621826,-1.1477464013248238,0.2702702702702703,0.3787403222431471,1.0,16/36,11.98%,CCND2;VCAN;TIMP1;LPL;FGFR1;COL3A1;JAG1;SLCO2A1;KCNJ8;COL5A2;THBD;MSX1;SERPINA5;PRG2;PDGFA;NRP1,3,Hallmark
prerank,HALLMARK_PANCREAS_BETA_CELLS,-0.5614091786102856,-1.0861710190508502,0.3142857142857143,0.5300822678164337,1.0,8/39,12.70%,AKT3;LMO2;FOXO1;STXBP1;PCSK1;DCX;ELP4;MAFB,3,Hallmark
prerank,HALLMARK_UV_RESPONSE_UP,-0.4511089016901274,-1.0853613470562316,0.3595505617977528,0.5073446327683616,1.0,23/146,10.02%,NR4A1;FOSB;GPX3;BTG2;JUNB;FOS;CXCL2;ABCB1;IL6;RHOB;RASGRP1;ARRB2;HMOX1;CDO1;DLG4;NXF1;FGF18;C4BPB;GAL;IRF1;STARD3;BTG1;MSX1,3,Hallmark
prerank,HALLMARK_INTERFERON_ALPHA_RESPONSE,0.3846689662822457,1.0826356227314848,0.2142857142857142,0.2962101063829787,0.82,19/93,8.24%,LY6E;IFI27;ISG15;MX1;CXCL10;ADAR;EIF2AK2;CXCL11;BST2;PLSCR1;LAMP3;RTP4;IFIT2;USP18;PSMA3;GMPR;LGALS3BP;TAP1;NUB1,3,Hallmark
prerank,HALLMARK_APICAL_JUNCTION,-0.4377702297724218,-1.077506429803852,0.2808988764044944,0.5047080979284368,1.0,35/195,9.49%,CD209;MMP2;PECAM1;FBN1;ARHGEF6;VCAN;TRAF1;LIMA1;VWF;CLDN5;RAC2;FYB1;EVL;CD34;CADM3;VCAM1;SLIT2;ICAM2;AKT3;CLDN15;COL17A1;NRXN2;CNTN1;LAMA3;ADAMTS5;SYK;JAM3;THY1;SYMPK;PTPRC;CLDN11;TRO;PLCG1;TSPAN4;STX4,3,Hallmark
prerank,HALLMARK_REACTIVE_OXYGEN_SPECIES_PATHWAY,-0.4838535594930644,-1.0639965956951334,0.345679012345679,0.512241054613936,1.0,5/48,2.52%,GPX3;JUNB;LSP1;SBNO2;IPCEF1,3,Hallmark
prerank,HALLMARK_WNT_BETA_CATENIN_SIGNALING,-0.5091426303717087,-1.0557757158721424,0.4,0.5155162531728485,1.0,4/41,5.46%,CCND2;TCF7;DLL1;JAG1,3,Hallmark
prerank,HALLMARK_ESTROGEN_RESPONSE_EARLY,-0.4105682930365382,-1.0332794019396605,0.4086021505376344,0.5580665411173885,1.0,30/193,8.77%,IGFBP4;CXCL12;DLC1;EGR3;UGCG;MLPH;SLC7A2;FOS;KAZN;AREG;RASGRP1;PRSS23;BCL2;CCN5;NBL1;XBP1;TFF3;TUBB2B;TGM2;FCMR;TFF1;AFF1;DHRS3;OLFML3;PTGES;MAST4;NRIP1;GJA1;CBFA2T3;PGR,3,Hallmark
prerank,HALLMARK_KRAS_SIGNALING_DN,-0.417399891590611,-1.030321560922293,0.4096385542168674,0.5429755178907721,1.0,19/187,8.26%,SELENOP;BTG2;NR4A2;TENT5C;CLSTN3;SIDT1;SLC16A7;TCL1A;CD40LG;MTHFR;IDUA;PRKN;EGF;ZBTB16;LFNG;KMT2D;SGK1;SLC12A3;CPB1,3,Hallmark
prerank,HALLMARK_HEDGEHOG_SIGNALING,0.4236437020645491,1.0103404828616676,0.4615384615384615,0.4252190237797247,0.92,8/36,9.18%,VLDLR;VEGFA;AMOT;L1CAM;CELSR1;OPHN1;MYH9;ADGRG1,3,Hallmark
prerank,HALLMARK_FATTY_ACID_METABOLISM,0.3325696625154588,0.9695345039293204,0.5294117647058824,0.5212765957446809,0.96,30/145,12.61%,DHCR24;MIF;SMS;PCBD1;PTS;S100A10;ACAT2;ME1;ALDH3A2;ECI1;CBR1;BPHL;PDHA1;MDH1;LGALS1;EPHX1;NSDHL;HCCS;FASN;MDH2;IDI1;CPT2;ADIPOR2;HSD17B10;PRDX6;NTHL1;HSP90AA1;ADSL;RDH11;UBE2L6,3,Hallmark
prerank,HALLMARK_BILE_ACID_METABOLISM,-0.4022727547413841,-0.9642359645005848,0.5274725274725275,0.6852093292771259,1.0,17/110,11.52%,ABCA8;ABCA6;LCK;CH25H;ALDH1A1;CYP7B1;ABCA9;ABCA1;ABCD2;BMP6;LIPE;PFKM;MLYCD;CROT;ACSL5;AR;NR3C2,3,Hallmark
prerank,HALLMARK_ANDROGEN_RESPONSE,-0.3905657469024848,-0.9089917289910736,0.6164383561643836,0.784543488874939,1.0,17/98,10.60%,SELENOP;ADAMTS1;MAF;AKAP12;AZGP1;PTK2B;SLC38A2;IQGAP2;HERC3;ELL2;ARID5B;SGK1;INPP4B;ABCC4;GUCY1A1;ALDH1A3;STEAP4,3,Hallmark
prerank,HALLMARK_HYPOXIA,-0.3698584697309282,-0.8998959303409778,0.6853932584269663,0.7718590260963143,1.0,32/195,7.76%,ZFP36;SERPINE1;DCN;DUSP1;AKAP12;CXCR4;FOS;SRPX;HAS1;NFIL3;MT2A;IL6;BCL2;CDKN1B;CCN5;NR3C1;GPC3;RORA;HMOX1;TGM2;PLAC8;CDKN1A;TGFB3;SLC2A3;CCN1;CAV1;MAP3K1;ETS1;PFKFB3;WSB1;PGF;FOSL2,3,Hallmark
prerank,HALLMARK_PI3K_AKT_MTOR_SIGNALING,-0.3533939830860892,-0.8420594092019846,0.7468354430379747,0.8579777907656342,1.0,19/103,11.04%,PRKCB;CXCR4;LCK;IL2RG;ITPR2;SLA;CDKN1B;TNFRSF1A;CDKN1A;NOD1;CAMK4;ECSIT;PIKFYVE;PLCB1;MKNK2;PLCG1;GNA14;RPTOR;MAPK10,3,Hallmark
prerank,HALLMARK_P53_PATHWAY,-0.3455686067819838,-0.8228796263047145,0.9186046511627908,0.8617702448210923,1.0,43/190,15.01%,CCND2;BTG2;DGKA;TXNIP;TSPYL2;FOS;FBXW7;CYFIP2;RB1;HMOX1;PITPNC1;CDKN1A;FAS;KIF13B;PTPRE;ZBTB16;MKNK2;PROCR;UPP1;TGFB1;DEF6;HBEGF;F2R;BTG1;ANKRA2;MXD1;ABAT;SPHK1;PDGFA;CSRNP2;RGS16;ISCU;FUCA1;KLF4;DDB2;ATF3;TRAFD1;DRAM1;NINJ1;GADD45A;ERCC5;CEBPA;PPM1D,3,Hallmark
prerank,HALLMARK_APICAL_SURFACE,-0.3780470203871199,-0.8024367495572373,0.734375,0.8689630034627301,1.0,9/43,13.36%,SRPX;IL2RG;GAS1;CROCC;AFAP1L2;THY1;MAL;MDGA1;IL2RB,3,Hallmark
prerank,HALLMARK_HEME_METABOLISM,-0.3165548208702857,-0.7552693354054203,0.9772727272727272,0.913135593220339,1.0,31/187,15.12%,BTG2;ACKR1;TENT5C;C3;NR3C1;LMO2;CLIC2;SNCA;TRAK2;KAT2B;EZH1;AGPAT4;RBM5;ELL2;TNS1;HBB;BACH1;GYPC;SEC14L1;PGLS;BMP2K;CLCN3;UCP2;MPP1;ADD2;BLVRA;ATP6V0A1;TNRC6B;TAL1;KDM7A;SIDT2,3,Hallmark
prerank,HALLMARK_HEDGEHOG_SIGNALING,0.9999244570519924,1.676434189178992,0.0,0.3817918377203574,0.44,1/36,0.01%,GLI1,4,Hallmark
prerank,HALLMARK_SPERMATOGENESIS,-0.2387120454858446,-1.3524641635390455,0.0,0.9953434225844006,0.33,32/126,16.08%,AKAP4;ACE;CCT6B;PCSK4;STAM2;TALDO1;DDX25;NF2;NAA11;IL13RA2;SEPTIN4;PDHA2;GAD1;JAM3;TEKT2;SIRT1;ZPBP;GPR182;SPATA6;GSTM3;NEFH;SLC2A5;MTOR;TOPBP1;DMC1;NPHP1;LPIN1;PGS1;NEK2;ZC2HC1C;PGK2;ADAD1,4,Hallmark
prerank,HALLMARK_OXIDATIVE_PHOSPHORYLATION,-0.2320675134853767,-1.329632283334066,0.0,0.5972060535506403,0.38,39/185,13.05%,BAX;UQCRB;PDHA1;BDH2;NDUFC2;ATP6V0E1;COX15;COX8A;AIFM1;GPX4;GPI;NDUFB3;NDUFC1;ACAT1;ABCB7;ATP6V0C;POLR2F;FH;IMMT;ATP6V1E1;COX17;COX5B;NDUFS2;ACADVL;GLUD1;ATP6V1D;SLC25A20;MDH2;TOMM22;VDAC2;OPA1;PDK4;TCIRG1;COX11;ATP5MC1;TIMM17A;HSPA9;ATP5PD;ATP6V0B,4,Hallmark
prerank,HALLMARK_INTERFERON_ALPHA_RESPONSE,-0.2573932394199944,-1.296401054856615,0.0555555555555555,0.4792394256887854,0.42,26/93,15.30%,CCRL2;OASL;TRIM25;IL7;ISG15;DDX60;IL4R;IFIH1;UBA7;EIF2AK2;OGFR;EPSTI1;CXCL11;LAP3;IFI30;PSME1;TXNIP;IFITM3;CD74;IRF1;RNF31;IFI44L;TRIM14;LY6E;ELF1;GBP4,4,Hallmark
prerank,HALLMARK_TNFA_SIGNALING_VIA_NFKB,-0.2252250521760259,-1.2831285168653075,0.0833333333333333,0.3870779976717113,0.46,50/195,17.81%,IL12B;TNFAIP3;CCRL2;TRAF1;BCL3;LIF;GCH1;JUNB;B4GALT1;ETS2;MARCKS;IFIH1;GFPT2;TNFSF9;PPP1R15A;REL;JUN;CXCL11;CD80;ZC3H12A;LDLR;LITAF;CD44;ATF3;NFE2L2;TIPARP;IRF1;PTGER4;NFKBIE;BTG3;CD83;STAT5A;YRDC;PHLDA2;PER1;PTPRE;PFKFB3;ATP2B1;IL18;IL1B;PDLIM5;JAG1;FJX1;CXCL3;TNFAIP8;SERPINB2;EGR2;NR4A1;ICAM1;CSF1,4,Hallmark
prerank,HALLMARK_MTORC1_SIGNALING,-0.2154833698792888,-1.2313382168805007,0.0,0.460069848661234,0.6,81/186,32.12%,SLC7A11;GMPS;EDEM1;RPA1;TES;CYB5B;GPI;PLK1;SERPINH1;HSP90B1;GLRX;RPN1;IMMT;ELOVL5;VLDLR;XBP1;ATP6V1D;CTH;TBK1;TUBG1;NFYC;HMGCS1;PPP1R15A;LDLR;IFI30;ACACA;UNG;ATP5MC1;HK2;TUBA4A;HSPA9;PDK1;CALR;CCNF;PNP;UBE2D3;PSMB5;GCLC;DHCR7;UFM1;SERP1;SDF2L1;GSR;SORD;CXCR4;FDXR;ATP2A2;MTHFD2L;SKAP2;CANX;HMBS;PHGDH;ERO1A;ELOVL6;INSIG1;PGK1;PSPH;IDH1;EGLN3;CFP;NFIL3;SLC1A5;ADD3;ABCF2;PSMC2;TXNRD1;PSAT1;SCD;SLA;SHMT2;AK4;POLR3G;DAPP1;MTHFD2;MCM4;IFRD1;HSPD1;CTSC;MLLT11;PGM1;EBP,4,Hallmark
prerank,HALLMARK_IL6_JAK_STAT3_SIGNALING,-0.2533094595144096,-1.2287875189509054,0.2857142857142857,0.3944509119130772,0.6,33/85,29.74%,CD36;STAM2;CBL;IL3RA;CD38;IL7;IL4R;JUN;CXCL11;TYK2;CD44;INHBE;IRF1;PIK3R5;IL18R1;CCL7;IL1B;CXCL9;CXCL3;IFNGR1;CSF1;SOCS1;PTPN2;IL6;CRLF2;PLA2G2A;CNTFR;MYD88;TNFRSF1A;BAK1;TLR2;IL1R2;SOCS3,4,Hallmark
prerank,HALLMARK_REACTIVE_OXYGEN_SPECIES_PATHWAY,-0.2643562482346622,-1.2108955291487162,0.1944444444444444,0.3949775486446034,0.66,14/48,19.70%,GPX4;GLRX;JUNB;GCLM;NDUFS2;CDKN2D;HHEX;MGST1;PRDX6;GCLC;PRDX4;EGLN2;IPCEF1;GSR,4,Hallmark
prerank,HALLMARK_UV_RESPONSE_UP,0.9936771765573152,1.1188157262703242,0.4285714285714285,1.0,1.0,2/146,0.63%,TYRO3;MAOA,4,Hallmark
prerank,HALLMARK_APOPTOSIS,0.9900155646246648,1.1065227120053878,0.8555555555555555,1.0,1.0,1/155,0.90%,F2R,4,Hallmark
prerank,HALLMARK_XENOBIOTIC_METABOLISM,0.993656449781521,1.0922162705867346,0.3444444444444444,1.0,1.0,2/190,0.63%,MPP2;MAOA,4,Hallmark
prerank,HALLMARK_MYOGENESIS,0.992657666447545,1.0882718372549949,0.5955056179775281,1.0,1.0,2/189,0.73%,MYOG;OCEL1,4,Hallmark
prerank,HALLMARK_IL2_STAT5_SIGNALING,-0.2144913856430667,-1.0846872728370636,0.1818181818181818,0.6884458672875438,0.89,82/195,30.51%,IGF2R;APLP1;GPX4;LRRC8C;TRAF1;FAH;IL3RA;CDC6;BCL2;LIF;AHCY;IL1RL1;BCL2L1;TWSG1;SCN9A;LCLAT1;CASP3;SLC29A2;PLIN2;XBP1;IL4R;CCR4;CISH;GPR65;CD44;ST3GAL4;IFITM3;RHOH;GSTO1;CD83;HK2;TTC39B;TNFSF11;IL18R1;BATF3;PNP;CTLA4;P2RX4;SMPDL3A;GBP4;HIPK2;PHTF2;F2RL2;RRAGD;IFNGR1;CSF1;SPP1;ETFBKMT;PLAGL1;IL13;ALCAM;SOCS1;IL10;MYO1C;LRIG1;PDCD2L;CAPG;PTGER2;CDKN1C;SNX9;PTH1R;CD81;NFIL3;TNFRSF8;SLC1A5;GADD45B;S100A1;SWAP70;ENO3;BATF;NRP1;UMPS;ITGA6;DHRS3;CAPN3;IL1R2;MXD1;ABCB1;SYNGR2;ANXA4;MYC;AHNAK,4,Hallmark
prerank,HALLMARK_ESTROGEN_RESPONSE_LATE,0.9947601768455612,1.0773776035000162,0.3333333333333333,1.0,1.0,1/193,0.51%,GPER1,4,Hallmark
prerank,HALLMARK_KRAS_SIGNALING_UP,0.9918952077178568,1.0770125118640912,0.5888888888888889,1.0,1.0,1/195,0.76%,CMKLR1,4,Hallmark
prerank,HALLMARK_FATTY_ACID_METABOLISM,0.99353894143379,1.0745312761990922,0.4883720930232558,1.0,1.0,1/145,0.63%,MAOA,4,Hallmark
prerank,HALLMARK_EPITHELIAL_MESENCHYMAL_TRANSITION,-0.1721659583865152,-1.071695332932241,0.0,0.6537317294011123,0.9,48/198,22.19%,ACTA2;APLP1;LRRC15;TNFAIP3;CADM1;FLNA;GJA1;COL16A1;P3H1;SERPINH1;SNTB1;CALU;SCG2;LAMC2;NOTCH2;CDH2;TNFRSF11B;FBLN2;JUN;FOXC2;CD44;COL12A1;PCOLCE2;MMP3;EMP3;BASP1;IGFBP4;MYLK;CRLF1;TGFBR3;MFAP5;GLIPR1;MMP1;ITGA5;PDGFRB;SPP1;COMP;WNT5A;CDH6;MATN2;NID2;TNC;COL7A1;PVR;FGF2;ITGB5;VIM;IL6,4,Hallmark
prerank,HALLMARK_ALLOGRAFT_REJECTION,0.9909556796625536,1.0706267478643945,0.8333333333333334,1.0,1.0,2/175,0.90%,CARTPT;F2R,4,Hallmark
prerank,HALLMARK_INTERFERON_GAMMA_RESPONSE,0.991864490995714,1.066822150088126,0.6923076923076923,1.0,1.0,1/188,0.76%,CMKLR1,4,Hallmark
prerank,HALLMARK_UV_RESPONSE_DN,0.9950491047493566,1.0614603990311258,0.388235294117647,1.0,1.0,1/141,0.49%,KIT,4,Hallmark
prerank,HALLMARK_HYPOXIA,0.9952809923276478,1.060778683515323,0.2444444444444444,1.0,1.0,1/195,0.46%,HAS1,4,Hallmark
prerank,HALLMARK_P53_PATHWAY,0.9897914825717168,1.0523106826809054,0.9347826086956522,1.0,1.0,1/190,0.90%,F2R,4,Hallmark
prerank,HALLMARK_COMPLEMENT,0.9953547764963196,1.0487932804184517,0.2666666666666666,1.0,1.0,1/194,0.45%,F7,4,Hallmark
prerank,HALLMARK_ADIPOGENESIS,-0.1833632705678165,-1.0461182407903706,0.4,0.6724097788125728,0.92,52/193,24.27%,CD36;COX8A;AIFM1;GPX4;CAVIN2;AGPAT3;TALDO1;SULT1A1;DRAM2;SLC19A1;PIM3;FAH;SLC25A10;ACOX1;COQ9;IMMT;PLIN2;DDT;MDH2;RTN3;DNAJC15;PPM1B;SQOR;CPT2;STAT5A;APOE;SNCG;BAZ2A;PFKFB3;MYLK;CD302;BCL2L13;DHCR7;SOWAHC;UCK1;IFNGR1;HADH;PEX14;DECR1;CMPK1;REEP5;MAP4K3;GRPEL1;OMD;GPAT4;DHRS7B;ELOVL6;POR;EPHX2;RAB34;IDH1;SLC27A1,4,Hallmark
prerank,HALLMARK_INFLAMMATORY_RESPONSE,0.991848386732868,1.0451350705635307,0.7204301075268817,1.0,1.0,1/198,0.76%,CMKLR1,4,Hallmark
prerank,HALLMARK_KRAS_SIGNALING_DN,0.995411512373374,1.0401541316013792,0.3076923076923077,1.0,1.0,1/187,0.45%,TG,4,Hallmark
prerank,HALLMARK_MITOTIC_SPINDLE,0.9909589428788108,1.0346015730260294,0.8695652173913043,1.0,1.0,1/197,0.83%,CEP131,4,Hallmark
prerank,HALLMARK_ESTROGEN_RESPONSE_EARLY,-0.180408791037242,-0.9568016623932436,0.3333333333333333,0.959149116308604,0.96,59/193,25.78%,RHOBTB3;TSKU;CANT1;OLFM1;GJA1;SLC16A1;CHPT1;BCL2;B4GALT1;ELOVL5;SYBU;XBP1;CISH;FCMR;SLC22A5;TFF1;ARL3;CD44;KAZN;DYNLT3;MYB;MLPH;TIPARP;PDZK1;RASGRP1;FDFT1;BAG1;ELOVL2;IGFBP4;REEP1;MSMB;PMAIP1;ELF1;SYT12;KRT8;ABHD2;PTGES;ENDOD1;DHCR7;FKBP5;ADCY1;FRK;KLK10;WFS1;MED13L;MAPT;CLIC3;CLDN7;LRIG1;MAST4;MREG;KLF10;SFN;SLC27A2;SLC1A1;CCND1;MED24;ADD3;TFAP2C,4,Hallmark
prerank,HALLMARK_DNA_REPAIR,-0.1784914761975661,-0.9395097200577764,0.6666666666666666,0.9455762514551804,0.99,33/143,19.50%,POLR2C;TARBP2;CANT1;DGUOK;POM121;GPX4;POLR2A;DCTN4;POLD4;POLR2F;DGCR8;EIF1B;COX17;ITPA;NT5C;POLE4;AGO4;NUDT21;ERCC4;GMPR2;TAF6;PNP;NT5C3A;TAF13;NELFE;NME1;MPG;RRM2B;SNAPC4;CETN2;GTF2H5;RALA;CDA,4,Hallmark
prerank,HALLMARK_PI3K_AKT_MTOR_SIGNALING,-0.1963275079224599,-0.9387267344425284,0.4705882352941176,0.8745410584758664,0.99,21/103,14.51%,PTEN;CAB39L;NCK1;ARHGDIA;RAC1;HSP90B1;VAV3;PLCB1;E2F1;PRKCB;MKNK1;TBK1;CSNK2B;ACACA;PRKAA2;GNA14;PDK1;CALR;FGF17;UBE2D3;NOD1,4,Hallmark
prerank,HALLMARK_UNFOLDED_PROTEIN_RESPONSE,-0.1606102243095404,-0.8617709598669773,0.8,1.0,1.0,35/105,28.53%,PDIA6;EDEM1;DNAJC3;NFYA;HSP90B1;EIF2AK3;XBP1;HERPUD1;ATF3;ERN1;ZBTB17;HSPA9;CKS1B;SEC31A;CALR;SDAD1;GOSR2;MTREX;EXOSC2;PAIP1;WIPI1;ARFGAP1;SERP1;WFS1;DCP2;DCP1A;ERO1A;PDIA5;EIF4A1;TSPYL2;PSAT1;HYOU1;TUBB2A;SRPRB;BANF1,4,Hallmark
prerank,HALLMARK_APICAL_JUNCTION,-0.1511857609445637,-0.8582343642890056,0.7692307692307693,0.9511059371362048,1.0,53/195,24.15%,NECTIN1;PTEN;MMP9;COL16A1;TRAF1;CLDN8;ZYX;NF2;PTK2;SIRPA;LDLRAP1;MYL12B;STX4;B4GALT1;LAMC2;ICAM4;CLDN6;MAP3K20;MYH9;AKT2;TNFRSF11B;JAM3;TUBG1;SYMPK;ARHGEF6;INPPL1;TRO;SORBS3;MADCAM1;LIMA1;SRC;MVD;ICAM1;CDK8;HADH;TAOK2;CDH6;ACTA1;VWF;ACTC1;RAC2;GTF2F1;CLDN15;SKAP2;NFASC;DMP1;NF1;CLDN7;INSIG1;LAYN;CLDN5;KRT31;ACTG2,4,Hallmark
prerank,HALLMARK_COAGULATION,-0.1593415422945465,-0.825095254991062,0.9230769230769232,0.9732246798603028,1.0,54/136,34.50%,HRG;CASP9;MMP9;HMGCS2;RAC1;TMPRSS6;CLU;MST1;ANG;DUSP14;DPP4;MMP10;MMP3;FGG;CRIP2;C8B;F2RL2;SERPINB2;MMP1;PREP;COMP;CPB2;VWF;SERPING1;APOA1;CTSO;MEP1A;GSN;FGA;CFD;C8A;C8G;DUSP6;S100A1;CAPN5;MMP7;ADAM9;F8;APOC1;GNB2;CSRP1;MMP15;USP11;FBN1;PLEK;ITGB3;MMP2;SERPINA1;F3;PF4;P2RY1;C1R;FURIN;PROC,4,Hallmark
prerank,HALLMARK_HEME_METABOLISM,-0.1419800296946664,-0.8131277612093826,1.0,0.9406971170307472,1.0,47/187,25.12%,FOXO3;SLC7A11;GMPS;TMEM9B;RAP1GAP;MPP1;SLC25A38;TYR;PC;ADIPOR1;ICAM4;GCLM;BSG;OPTN;VEZF1;FTCD;CDR2;CTNS;ABCB6;FBXO34;KLF1;CCDC28A;MYL4;PIGQ;TSPO2;GCLC;ACP5;ENDOD1;TNRC6B;SIDT2;BMP2K;HTATIP2;CA1;GYPC;UROS;SPTA1;SLC30A10;HMBS;TRIM58;FBXO7;SLC6A9;P4HA2;KEL;SMOX;UBAC1;PGLS;ATG4A,4,Hallmark
prerank,HALLMARK_MYC_TARGETS_V2,-0.1796510078479798,-0.7928028723721245,0.8666666666666667,0.919156642090286,1.0,11/56,12.70%,PES1;PLK1;SLC19A1;UTP20;TCOF1;SLC29A2;RABEPK;UNG;PPRC1;HK2;AIMP2,4,Hallmark
prerank,HALLMARK_E2F_TARGETS,-0.1515639395210407,-0.7418413508979231,1.0,0.940628637951106,1.0,40/190,17.98%,ASF1B;CDCA8;RPA1;HNRNPD;PLK1;TK1;RAD51AP1;CDKN2A;CCP110;CDC20;TACC3;PHF5A;PRIM2;CDC25B;TUBG1;POLE4;RAD51C;PRKDC;CDCA3;UNG;NUDT21;PAICS;BRMS1L;NUP153;PMS2;PSMC3IP;CKS1B;LBR;HUS1;LUC7L3;JPT1;SNRPB;WDR90;CNOT9;RAD21;HMMR;NME1;USP1;POP7;ANP32E,4,Hallmark
prerank,HALLMARK_TGF_BETA_SIGNALING,0.2849380331980684,0.4314220694640616,0.6129032258064516,1.0,1.0,15/53,18.33%,ACVR1;SPTBN1;TGFB1;BMPR2;XIAP;PPM1A;TRIM33;PPP1CA;ARID4B;SMAD7;WWTR1;RHOA;BMP2;TGIF1;SKIL,4,Hallmark
prerank,HALLMARK_NOTCH_SIGNALING,0.2166262770484872,0.4113036298099448,0.8088235294117647,1.0,1.0,9/31,22.08%,PPARD;RBX1;SAP30;APH1A;FZD1;CUL1;FBXW11;KAT2A;NOTCH1,4,Hallmark
prerank,HALLMARK_WNT_BETA_CATENIN_SIGNALING,0.2727532786365443,0.396438349211339,0.6865671641791045,1.0,1.0,15/41,22.08%,PPARD;GNAI1;AXIN1;AXIN2;WNT1;CCND2;HDAC5;FZD1;CUL1;DKK4;SKP2;PTCH1;LEF1;KAT2A;NOTCH1,4,Hallmark
prerank,HALLMARK_PANCREAS_BETA_CELLS,0.2336863361026194,0.3874658092322127,0.7142857142857143,1.0,1.0,12/39,23.14%,NKX2-2;ABCC8;ISL1;SLC2A2;PKLR;MAFB;SEC11A;PAX6;SPCS1;DCX;HNF1A;AKT3,4,Hallmark
prerank,HALLMARK_ANGIOGENESIS,0.2024618547054439,0.3716398096756475,0.7777777777777778,1.0,1.0,10/36,23.05%,STC1;LRPAP1;APOH;LUM;CCND2;ITGAV;OLR1;S100A4;FSTL1;VAV2,4,Hallmark
prerank,HALLMARK_APICAL_SURFACE,0.2366621438564853,0.358304080545135,0.7671232876712328,1.0,1.0,11/43,17.95%,ADIPOR2;PCSK9;GHRL;IL2RB;SULF2;RHCG;THY1;PLAUR;SCUBE1;ATP8B1;HSPB1,4,Hallmark
prerank,HALLMARK_BILE_ACID_METABOLISM,0.2565383332381196,0.3227472284825575,0.7692307692307693,1.0,1.0,31/110,19.48%,CYP7A1;HSD3B7;PFKM;LCK;AMACR;GNPAT;SLC27A5;RBP1;PECR;NEDD4;ACSL5;HACL1;HSD3B1;NR1H4;PEX11G;PEX6;LIPE;EFHC1;ABCA3;SCP2;ALDH1A1;ALDH8A1;SLC23A2;MLYCD;RXRG;SULT2B1;ACSL1;TFCP2L1;PHYH;NUDT12;NR3C2,4,Hallmark
prerank,HALLMARK_PEROXISOME,0.2184195636491152,0.2695820901608273,0.8133333333333334,1.0,1.0,27/101,21.78%,HSD3B7;NUDT19;GNPAT;PEX5;ERCC3;MVP;ACSL5;ABCC8;CRABP2;SEMA3C;PEX6;UGT2B17;SCP2;ALDH1A1;SLC25A19;SLC23A2;MLYCD;RXRG;CRAT;SULT2B1;ACSL1;TOP2A;CDK7;BCL10;PEX11B;SCGB1A1;TSPO,4,Hallmark
prerank,HALLMARK_ANDROGEN_RESPONSE,0.1922513316303995,0.2435228552223801,0.8481012658227848,1.0,1.0,20/98,15.76%,STEAP4;DBI;SPDEF;ELL2;KRT19;B2M;ADAMTS1;SLC38A2;SPCS3;DNAJB9;SLC26A2;ACTN1;SELENOP;PA2G4;RAB4A;GPD1L;UAP1;SGK1;MAF;ITGAV,4,Hallmark
prerank,HALLMARK_CHOLESTEROL_HOMEOSTASIS,0.1826349577041998,0.2273403438355858,0.9726027397260274,1.0,1.0,26/71,28.39%,TM7SF2;ACAT2;CD9;ACTG1;GNAI1;CXCL16;LGALS3;TP53INP1;PLAUR;ATXN2;FASN;ANXA13;PMVK;CYP51A1;SC5D;TNFRSF12A;SREBF2;NIBAN1;STX5;CPEB2;FADS2;HMGCR;ACSS2;LGMN;TMEM97;PCYT2,4,Hallmark
prerank,HALLMARK_MYC_TARGETS_V1,0.1897776403889031,0.2120704892796898,0.902439024390244,1.0,1.0,51/161,26.51%,ERH;DEK;PABPC4;HNRNPA2B1;EIF2S1;ORC2;MCM5;DHX15;HNRNPA3;PSMD3;SYNCRIP;MAD2L1;PCNA;PCBP1;NOLC1;HPRT1;MCM7;YWHAE;FAM120A;KPNA2;PSMC4;SRM;RRP9;PA2G4;CUL1;MCM2;EIF3D;XPOT;EIF3B;TRA2B;EIF1AX;SNRPB2;FBL;SF3A1;EIF2S2;GNL3;EIF4H;RAD23B;SNRPD2;RSL1D1;SRSF2;HSPE1;CNBP;SERBP1;RUVBL2;NOP56;UBA2;PSMC6;EXOSC7;SNRPA1;NHP2,4,Hallmark
prerank,HALLMARK_G2M_CHECKPOINT,0.1862452590472796,0.2070539241389175,0.9204545454545454,1.0,1.0,50/187,22.67%,KIF4A;FOXN3;MCM5;AURKA;TGFB1;UBE2C;TROAP;CUL3;SYNCRIP;MAD2L1;SAP30;SMC2;BIRC5;NOLC1;TPX2;SLC12A2;BRCA2;CHMP1A;HOXC10;E2F4;HIRA;HMGA1;SRSF10;NASP;KPNA2;POLQ;CUL1;E2F2;UCK2;MCM2;DR1;KIF15;WRN;TOP2A;TRA2B;BARD1;MEIS1;MTF2;PRMT5;EGF;SMC4;CDKN3;RAD23B;KIF20B;ORC5;AMD1;PDS5B;RBL1;TENT4A;SRSF2,4,Hallmark
prerank,HALLMARK_GLYCOLYSIS,0.1643211244201598,0.1781124268229411,0.967741935483871,1.0,1.0,41/191,17.94%,PYGB;STC1;FBP2;GALK1;CITED2;AURKA;STC2;HOMER1;B3GAT1;PFKP;B4GALT2;CHPF;GPC1;PGM2;SAP30;NT5E;ALDOB;SLC35A3;IER3;ARPP19;ISG20;TGFA;SDC3;NASP;PSMC4;GAL3ST1;EXT2;GMPPB;TPBG;AGRN;TPST1;PRPS1;SRD5A3;ARTN;ZNF292;CHST1;GPC4;GAPDHS;SLC37A4;DEPDC1;DSC2,4,Hallmark
prerank,HALLMARK_PROTEIN_SECRETION,0.1333812319349971,0.1532876199314481,0.9863013698630136,0.9908234725911615,1.0,41/90,37.85%,SCAMP3;KIF1B;GLA;COPE;ATP1A1;USO1;SSPN;CLTA;CLCN3;OCRL;STAM;YKT6;DOP1A;ATP6V1B1;BET1;CLTC;RAB22A;M6PR;TSPAN8;VPS4B;CAV2;ARFGAP3;AP2M1;GBF1;RAB9A;TMED2;TSG101;VPS45;EGFR;NAPA;RAB14;DST;ARFIP1;STX16;DNM1L;ATP6V1H;MAPK1;NAPG;GALC;SNX2;YIPF6,4,Hallmark
